"submission","hcil"
"http://ieeevis.tw.rpi.edu/instance/external/submission/116c7d9aff9e62813b5523b32cdd421e","http://hcil2.cs.umd.edu/newvarepository/VAST%20Challenge%202009/challenges/Grand%20Challenge%202009/entries/LaBRI,%20INRIA%20Bordeaux%20Sud-Ouest"
"http://ieeevis.tw.rpi.edu/instance/external/submission/11d440c8c5d4d14c885e844c5af05e57","http://hcil2.cs.umd.edu/newvarepository/VAST%20Challenge%202008/challenges/MC1%20-%20Wiki%20Editors/entries/INRIA%20Bordeaux%20-%20VizWhiz"
"http://ieeevis.tw.rpi.edu/instance/external/submission/12995d1df28214bd511148163bd11bce","http://hcil2.cs.umd.edu/newvarepository/VAST%20Challenge%202008/challenges/MC2%20-%20Migrant%20Boats/entries/Carnegie%20Mellon"
"http://ieeevis.tw.rpi.edu/instance/external/submission/12d02aa49a94de4719424ca14c02af35","http://hcil2.cs.umd.edu/newvarepository/VAST%20Challenge%202011/challenges/MC2%20-%20Computer%20Networking%20Operations/entries/UNCC"
"http://ieeevis.tw.rpi.edu/instance/external/submission/14ac05e66ddbe10e61cc74bc45388eb7","http://hcil2.cs.umd.edu/newvarepository/VAST%20Challenge%202010/challenges/MC1%20-%20Investigations%20into%20Arms%20Dealing/entries/DMWS-MTA%20SZTAKI"
"http://ieeevis.tw.rpi.edu/instance/external/submission/1509538e33c4ecbd69041bd6e486cc8c","http://hcil2.cs.umd.edu/newvarepository/VAST%20Challenge%202008/challenges/MC3%20-%20Cell%20Phone%20Calls/entries/University%20of%20Maryland%20-%20SocialAction"
"http://ieeevis.tw.rpi.edu/instance/external/submission/15ec29d1ad450d0428cb367d6621dc68","http://hcil2.cs.umd.edu/newvarepository/InfoVis%20Contest%202005/challenges/Technology%20Trends%20in%20the%20United%20States/entries/University%20of%20Sydney,%20Australia%20and%20Indiana%20University"
"http://ieeevis.tw.rpi.edu/instance/external/submission/16c937faf055bc69ce6c5e946fe00f64","http://hcil2.cs.umd.edu/newvarepository/VAST%20Challenge%202008/challenges/MC2%20-%20Migrant%20Boats/entries/Pennsylvania%20State%20University%20-%20NEVAC"
"http://ieeevis.tw.rpi.edu/instance/external/submission/192c2913abad3d4c6464b1d5c13c65b5","http://hcil2.cs.umd.edu/newvarepository/VAST%20Challenge%202009/challenges/Grand%20Challenge%202009/entries/VIS(US)%20Stuttgart"
"http://ieeevis.tw.rpi.edu/instance/external/submission/1a381ca4d1d582a06e9e5b7eec98b42b","http://hcil2.cs.umd.edu/newvarepository/VAST%20Challenge%202011/challenges/MC1%20-%20Characterization%20of%20an%20Epidemic%20Spread/entries/Fraunhofer%20IAIS"
"http://ieeevis.tw.rpi.edu/instance/external/submission/1cb6a3aebfdfa964be00bd07faff5128","http://hcil2.cs.umd.edu/newvarepository/VAST%20Challenge%202010/challenges/MC3%20-%20Tracing%20the%20Mutations%20of%20a%20Disease/entries/Palantir%20Technologies"
"http://ieeevis.tw.rpi.edu/instance/external/submission/1d7899d0477370af85f347dd0449bf68","http://hcil2.cs.umd.edu/newvarepository/VAST%20Challenge%202008/challenges/MC1%20-%20Wiki%20Editors/entries/Pennsylvania%20State%20University%20-%20NEVAC"
"http://ieeevis.tw.rpi.edu/instance/external/submission/21a0de59e952a517594c72771390091a","http://hcil2.cs.umd.edu/newvarepository/VAST%20Challenge%202008/challenges/MC3%20-%20Cell%20Phone%20Calls/entries/Vision%20Systems%20and%20Technology%20-%20Prajna%20Project"
"http://ieeevis.tw.rpi.edu/instance/external/submission/2249032a80aba38612fde2f74816e572","http://hcil2.cs.umd.edu/newvarepository/VAST%20Challenge%202009/challenges/MC3%20-%20Video%20Analysis/entries/University%20of%20Konstanz"
"http://ieeevis.tw.rpi.edu/instance/external/submission/246c69f1c800193b650bb2a1bf4b604e","http://hcil2.cs.umd.edu/newvarepository/VAST%20Challenge%202008/challenges/MC4%20-%20Evacuation%20Traces/entries/Southern%20Illinois%20University%20Edwardsville%20-%20Staini"
"http://ieeevis.tw.rpi.edu/instance/external/submission/279dd142a0d9c00f6f984c892502df58","http://hcil2.cs.umd.edu/newvarepository/VAST%20Challenge%202012/challenges/MC1%20-%20Bank%20of%20Money%20Enterprise%20Cyber/entries/SAS%20Institute"
"http://ieeevis.tw.rpi.edu/instance/external/submission/28ba4213f6b99a9f577c17a0777d87fb","http://hcil2.cs.umd.edu/newvarepository/InfoVis%20Contest%202004/challenges/The%20History%20of%20InfoVis/entries/Drexel%20University%20-%20Associative%20Information%20Visualizer"
"http://ieeevis.tw.rpi.edu/instance/external/submission/2922061b2bef0455cf363a339f453182","http://hcil2.cs.umd.edu/newvarepository/VAST%20Challenge%202009/challenges/MC1%20-%20Badge%20and%20Network%20Traffic/entries/Virginia%20Tech"
"http://ieeevis.tw.rpi.edu/instance/external/submission/295d69b9e303fb4c6fd92526b4c01e64","http://hcil2.cs.umd.edu/newvarepository/InfoVis%20Contest%202007/challenges/InfoVis%20Goes%20to%20the%20Movies/entries/Sandi%20National%20Laboratories"
"http://ieeevis.tw.rpi.edu/instance/external/submission/2a57d5bbf709d1b93a94c9b32ef24979","http://hcil2.cs.umd.edu/newvarepository/VAST%20Challenge%202012/challenges/MC1%20-%20Bank%20of%20Money%20Enterprise%20Cyber/entries/University%20of%20Konstanz"
"http://ieeevis.tw.rpi.edu/instance/external/submission/2b6a4a4ca0f9c65c4edd3613f93d1b07","http://hcil2.cs.umd.edu/newvarepository/VAST%20Challenge%202011/challenges/MC1%20-%20Characterization%20of%20an%20Epidemic%20Spread/entries/Lic.%20Andr%C3%A9s%20Ju%C3%A1rez"
"http://ieeevis.tw.rpi.edu/instance/external/submission/2cc63bbb54be1c4bf5c7798c29e0cf1d","http://hcil2.cs.umd.edu/newvarepository/VAST%20Challenge%202010/challenges/MC2%20-%20Characterization%20of%20Pandemic%20Spread/entries/University%20of%20Konstanz"
"http://ieeevis.tw.rpi.edu/instance/external/submission/2e3117e3695e6340668ce421b2cd7401","http://hcil2.cs.umd.edu/newvarepository/InfoVis%20Contest%202004/challenges/The%20History%20of%20InfoVis/entries/Universite%20de%20Bordeaux%20I"
"http://ieeevis.tw.rpi.edu/instance/external/submission/2f934a7903bbd40054e9a00b0edb0816","http://hcil2.cs.umd.edu/newvarepository/VAST%20Challenge%202008/challenges/MC4%20-%20Evacuation%20Traces/entries/Fraunhofer%20Institute%20IAIS"
"http://ieeevis.tw.rpi.edu/instance/external/submission/3057a88145c67085cad902dc05764e66","http://hcil2.cs.umd.edu/newvarepository/VAST%20Challenge%202008/challenges/MC3%20-%20Cell%20Phone%20Calls/entries/National%20University%20of%20Singapore%20-%20VASu"
"http://ieeevis.tw.rpi.edu/instance/external/submission/30ef059008a93328af8330539566ced0","http://hcil2.cs.umd.edu/newvarepository/VAST%20Challenge%202009/challenges/MC1%20-%20Badge%20and%20Network%20Traffic/entries/VIDI%20Surveillance"
"http://ieeevis.tw.rpi.edu/instance/external/submission/314fe470e64f13037dabb38114c49d9c","http://hcil2.cs.umd.edu/newvarepository/VAST%20Challenge%202012/challenges/MC2%20-%20Bank%20of%20Money%20regional%20Network%20Op/entries/UBA"
"http://ieeevis.tw.rpi.edu/instance/external/submission/31a2946073d1c41c663eea9911a6cb8b","http://hcil2.cs.umd.edu/newvarepository/VAST%20Challenge%202009/challenges/Grand%20Challenge%202009/entries/PSU%20Foxtrot"
"http://ieeevis.tw.rpi.edu/instance/external/submission/31f19ea66a7e0b2083f4c64888d7ea2e","http://hcil2.cs.umd.edu/newvarepository/VAST%20Challenge%202011/challenges/MC1%20-%20Characterization%20of%20an%20Epidemic%20Spread/entries/RJONES-SymptomClusterAimations"
"http://ieeevis.tw.rpi.edu/instance/external/submission/334bdd2541c761ef35e40344c47c98b1","http://hcil2.cs.umd.edu/newvarepository/InfoVis%20Contest%202004/challenges/The%20History%20of%20InfoVis/entries/Georgia%20Institute%20of%20Technology%20-%20InfoVisExplorer"
"http://ieeevis.tw.rpi.edu/instance/external/submission/356e63ce42cc5e8aa3159c8f0b302e09","http://hcil2.cs.umd.edu/newvarepository/VAST%20Challenge%202008/challenges/MC4%20-%20Evacuation%20Traces/entries/Beijing%20University%20-%20GeoTemporalNet"
"http://ieeevis.tw.rpi.edu/instance/external/submission/364506814f2ca4d09cfeb4c017032463","http://hcil2.cs.umd.edu/newvarepository/VAST%20Challenge%202009/challenges/MC1%20-%20Badge%20and%20Network%20Traffic/entries/HRL-AnomalyAnalysis"
"http://ieeevis.tw.rpi.edu/instance/external/submission/3891fb7fa2c8580e93f6dd062f3d3d19","http://hcil2.cs.umd.edu/newvarepository/VAST%20Challenge%202011/challenges/MC1%20-%20Characterization%20of%20an%20Epidemic%20Spread/entries/VSTISAS"
"http://ieeevis.tw.rpi.edu/instance/external/submission/39fb7e6996feadb2f5c7c432dcd0ef93","http://hcil2.cs.umd.edu/newvarepository/VAST%20Challenge%202011/challenges/MC2%20-%20Computer%20Networking%20Operations/entries/Pennsylvania%20State%20University"
"http://ieeevis.tw.rpi.edu/instance/external/submission/3b066250870bcddf79b0ef2b19c6100f","http://hcil2.cs.umd.edu/newvarepository/VAST%20Challenge%202012/challenges/MC1%20-%20Bank%20of%20Money%20Enterprise%20Cyber/entries/University%20of%20Stuttgart"
"http://ieeevis.tw.rpi.edu/instance/external/submission/3e282c491ad5d282ef6c949aaad62df0","http://hcil2.cs.umd.edu/newvarepository/VAST%20Challenge%202008/challenges/MC1%20-%20Wiki%20Editors/entries/University%20of%20Illinois%20National%20Center%20for%20Superc"
"http://ieeevis.tw.rpi.edu/instance/external/submission/3f291c071ea20516f91cd04c4f120a63","http://hcil2.cs.umd.edu/newvarepository/InfoVis%20Contest%202004/challenges/The%20History%20of%20InfoVis/entries/University%20of%20California"
"http://ieeevis.tw.rpi.edu/instance/external/submission/3feac957962c12447cdb5ad2b7632f0c","http://hcil2.cs.umd.edu/newvarepository/VAST%20Challenge%202010/challenges/MC2%20-%20Characterization%20of%20Pandemic%20Spread/entries/Simon%20Fraser%20University"
"http://ieeevis.tw.rpi.edu/instance/external/submission/414d327e8d53ab7138f6836460c3fe57","http://hcil2.cs.umd.edu/newvarepository/VAST%20Challenge%202011/challenges/MC1%20-%20Characterization%20of%20an%20Epidemic%20Spread/entries/UBA%20-%20Mar%C3%ADa%20Lucila%20Santos"
"http://ieeevis.tw.rpi.edu/instance/external/submission/42195b07744be44c1ae9a55855cb305c","http://hcil2.cs.umd.edu/newvarepository/VAST%20Challenge%202011/challenges/MC3%20-%20Investigation%20into%20Terrorist%20Activity/entries/Old%20Dominion%20University"
"http://ieeevis.tw.rpi.edu/instance/external/submission/431da8792975a86717f290667c6c523d","http://hcil2.cs.umd.edu/newvarepository/VAST%20Challenge%202012/challenges/MC1%20-%20Bank%20of%20Money%20Enterprise%20Cyber/entries/Oculus"
"http://ieeevis.tw.rpi.edu/instance/external/submission/4403b72427d0634a3a22e403924e2356","http://hcil2.cs.umd.edu/newvarepository/VAST%20Challenge%202008/challenges/MC3%20-%20Cell%20Phone%20Calls/entries/University%20College%20Dublin%20-%20SocialDynamicsVis"
"http://ieeevis.tw.rpi.edu/instance/external/submission/474a304d32e3b3105a796f08ccaa9543","http://hcil2.cs.umd.edu/newvarepository/VAST%20Challenge%202006/challenges/Grand%20Challenge%202006/entries/SSS%20Research,%20Inc.%20-%20DECIDE"
"http://ieeevis.tw.rpi.edu/instance/external/submission/487d00965670c9931c660ca60a567790","http://hcil2.cs.umd.edu/newvarepository/VAST%20Challenge%202010/challenges/MC3%20-%20Tracing%20the%20Mutations%20of%20a%20Disease/entries/Universidad%20Aut%C3%B3noma%20de%20Madrid%20and%20University%20of%20Maryland"
"http://ieeevis.tw.rpi.edu/instance/external/submission/49a91b8114bfccf78c30e70ed777bfa2","http://hcil2.cs.umd.edu/newvarepository/VAST%20Challenge%202010/challenges/MC2%20-%20Characterization%20of%20Pandemic%20Spread/entries/Stottler%20Henke"
"http://ieeevis.tw.rpi.edu/instance/external/submission/49cf69b1f0694169fd5562853bc0b852","http://hcil2.cs.umd.edu/newvarepository/VAST%20Challenge%202008/challenges/MC1%20-%20Wiki%20Editors/entries/University%20of%20Washington%20-%20PARVAC%20Team"
"http://ieeevis.tw.rpi.edu/instance/external/submission/4be59a59f5c73c3c823a7a957677fed0","http://hcil2.cs.umd.edu/newvarepository/VAST%20Challenge%202007/challenges/Grand%20Challenge%202007/entries/Penn%20State%20University"
"http://ieeevis.tw.rpi.edu/instance/external/submission/4e3d433c04e6a378f0f916e18b353955","http://hcil2.cs.umd.edu/newvarepository/VAST%20Challenge%202011/challenges/Grand%20Challenge%202011/entries/University%20of%20Konstanz"
"http://ieeevis.tw.rpi.edu/instance/external/submission/4fc97434cd3f10701631c714034e2360","http://hcil2.cs.umd.edu/newvarepository/VAST%20Challenge%202011/challenges/MC3%20-%20Investigation%20into%20Terrorist%20Activity/entries/Virginia%20Tech"
"http://ieeevis.tw.rpi.edu/instance/external/submission/50d0c1c8211ad9c49deaefcdb7a043bd","http://hcil2.cs.umd.edu/newvarepository/VAST%20Challenge%202012/challenges/MC1%20-%20Bank%20of%20Money%20Enterprise%20Cyber/entries/Charles%20River%20Analytics"
"http://ieeevis.tw.rpi.edu/instance/external/submission/518be56fdd4c4d35441beb38a291f48","http://hcil2.cs.umd.edu/newvarepository/VAST%20Challenge%202009/challenges/MC1%20-%20Badge%20and%20Network%20Traffic/entries/TTU-WSU%20GBAD"
"http://ieeevis.tw.rpi.edu/instance/external/submission/53133c3501323ad0b5676ce4e0f9fb05","http://hcil2.cs.umd.edu/newvarepository/VAST%20Challenge%202011/challenges/MC1%20-%20Characterization%20of%20an%20Epidemic%20Spread/entries/Energy%20Dynamics%20Laboratory"
"http://ieeevis.tw.rpi.edu/instance/external/submission/542f9f4d25d064389b1184fbf8275fef","http://hcil2.cs.umd.edu/newvarepository/VAST%20Challenge%202010/challenges/MC1%20-%20Investigations%20into%20Arms%20Dealing/entries/Simon%20Fraser%20University"
"http://ieeevis.tw.rpi.edu/instance/external/submission/54fbf8fe518105f6fa62da1bb061353d","http://hcil2.cs.umd.edu/newvarepository/VAST%20Challenge%202012/challenges/MC1%20-%20Bank%20of%20Money%20Enterprise%20Cyber/entries/University%20of%20Konstanz%20-%20Fischer"
"http://ieeevis.tw.rpi.edu/instance/external/submission/56df62e1856780ea8c6ba9d8de60566e","http://hcil2.cs.umd.edu/newvarepository/VAST%20Challenge%202008/challenges/MC4%20-%20Evacuation%20Traces/entries/University%20of%20Illinois%20National%20Center%20for%20Superc"
"http://ieeevis.tw.rpi.edu/instance/external/submission/584924f03a9f5753fe1b9c221f938dfa","http://hcil2.cs.umd.edu/newvarepository/VAST%20Challenge%202009/challenges/MC2%20-%20Social%20Network%20and%20Geospatial/entries/University%20of%20Michigan-Guava"
"http://ieeevis.tw.rpi.edu/instance/external/submission/5a6481010e306562c9c5f56c16176185","http://hcil2.cs.umd.edu/newvarepository/InfoVis%20Contest%202005/challenges/Technology%20Trends%20in%20the%20United%20States/entries/Secure%20Decisions"
"http://ieeevis.tw.rpi.edu/instance/external/submission/5cdf93704e112d875a4f6a67a64524f2","http://hcil2.cs.umd.edu/newvarepository/VAST%20Challenge%202013/challenges/MC3%20-%20Big%20Marketing/entries/Central%20South%20University"
"http://ieeevis.tw.rpi.edu/instance/external/submission/5d3b977f73d1596b009e58b3f69f841d","http://hcil2.cs.umd.edu/newvarepository/VAST%20Challenge%202009/challenges/MC2%20-%20Social%20Network%20and%20Geospatial/entries/Peking%20University-VisualMen"
"http://ieeevis.tw.rpi.edu/instance/external/submission/5e4c41dec8cf50aa811618b648f4a87b","http://hcil2.cs.umd.edu/newvarepository/VAST%20Challenge%202010/challenges/Grand%20Challenge%202010/entries/Palantir%20Technologies"
"http://ieeevis.tw.rpi.edu/instance/external/submission/5f02628d4c0c885f7ab5b740278ed914","http://hcil2.cs.umd.edu/newvarepository/VAST%20Challenge%202013/challenges/MC3%20-%20Big%20Marketing/entries/University%20of%20Konstanz"
"http://ieeevis.tw.rpi.edu/instance/external/submission/605177a72b851c89c806ccc9e8750b2f","http://hcil2.cs.umd.edu/newvarepository/VAST%20Challenge%202009/challenges/MC1%20-%20Badge%20and%20Network%20Traffic/entries/Beijing%20University%20of%20Posts%20and%20Telecommunications%20-%20HumanDynamicVis"
"http://ieeevis.tw.rpi.edu/instance/external/submission/62ef64e62fb62cdcb51b7a394b74b359","http://hcil2.cs.umd.edu/newvarepository/VAST%20Challenge%202008/challenges/MC3%20-%20Cell%20Phone%20Calls/entries/University%20of%20Southern%20California%20-%20KOJAK%20Graph%20Si"
"http://ieeevis.tw.rpi.edu/instance/external/submission/645cf96ef0680125797c5eb292aed3b4","http://hcil2.cs.umd.edu/newvarepository/VAST%20Challenge%202013/challenges/MC2%20-%20Situation%20Awareness%20Display%20Design/entries/MIT%20Lincoln%20Laboratory"
"http://ieeevis.tw.rpi.edu/instance/external/submission/657037632d75e1e4f48bada04fb8bc2f","http://hcil2.cs.umd.edu/newvarepository/VAST%20Challenge%202009/challenges/MC1%20-%20Badge%20and%20Network%20Traffic/entries/LaBRI,%20INRIA%20Bordeaux%20Sud-Ouest"
"http://ieeevis.tw.rpi.edu/instance/external/submission/6626d126cad9f4e8270fe9c145389344","http://hcil2.cs.umd.edu/newvarepository/VAST%20Challenge%202011/challenges/MC3%20-%20Investigation%20into%20Terrorist%20Activity/entries/Pennsylvania%20State%20University"
"http://ieeevis.tw.rpi.edu/instance/external/submission/66db12ae4fd040d8b8062036145482e","http://hcil2.cs.umd.edu/newvarepository/VAST%20Challenge%202013/challenges/MC2%20-%20Situation%20Awareness%20Display%20Design/entries/Purdue%20University%20-%20Chang"
"http://ieeevis.tw.rpi.edu/instance/external/submission/69a7c9413c5bd98114439459812f1ca8","http://hcil2.cs.umd.edu/newvarepository/VAST%20Challenge%202012/challenges/MC1%20-%20Bank%20of%20Money%20Enterprise%20Cyber/entries/Virginia%20Tech"
"http://ieeevis.tw.rpi.edu/instance/external/submission/6bff6a023351b2b7e866284388237d80","http://hcil2.cs.umd.edu/newvarepository/VAST%20Challenge%202008/challenges/MC3%20-%20Cell%20Phone%20Calls/entries/Space%20Dynamics%20Laboratory%20-%20ICAVE"
"http://ieeevis.tw.rpi.edu/instance/external/submission/6c9eb4a2a10ce51f59f5faa4d38857da","http://hcil2.cs.umd.edu/newvarepository/VAST%20Challenge%202011/challenges/MC1%20-%20Characterization%20of%20an%20Epidemic%20Spread/entries/University%20of%20Maryland"
"http://ieeevis.tw.rpi.edu/instance/external/submission/6d5f381f120dc0459b688d881223e5b0","http://hcil2.cs.umd.edu/newvarepository/VAST%20Challenge%202010/challenges/MC1%20-%20Investigations%20into%20Arms%20Dealing/entries/IBM%20Research%20-%20China"
"http://ieeevis.tw.rpi.edu/instance/external/submission/6f405d6b34a5157254dfa196f678013d","http://hcil2.cs.umd.edu/newvarepository/VAST%20Challenge%202009/challenges/MC2%20-%20Social%20Network%20and%20Geospatial/entries/giCentre,%20City%20University%20London"
"http://ieeevis.tw.rpi.edu/instance/external/submission/7081d571bb18c50636444cfcb1d9205a","http://hcil2.cs.umd.edu/newvarepository/VAST%20Challenge%202010/challenges/MC2%20-%20Characterization%20of%20Pandemic%20Spread/entries/Palantir%20Technologies"
"http://ieeevis.tw.rpi.edu/instance/external/submission/735e51326dc418021a21a9eaf54abed9","http://hcil2.cs.umd.edu/newvarepository/VAST%20Challenge%202010/challenges/MC2%20-%20Characterization%20of%20Pandemic%20Spread/entries/g2lab"
"http://ieeevis.tw.rpi.edu/instance/external/submission/73ae1ba78b301e8b29c07c1b424e6df7","http://hcil2.cs.umd.edu/newvarepository/VAST%20Challenge%202007/challenges/Grand%20Challenge%202007/entries/GT-Jigsaw"
"http://ieeevis.tw.rpi.edu/instance/external/submission/746211f877243a91e6dff756e9c654e9","http://hcil2.cs.umd.edu/newvarepository/InfoVis%20Contest%202004/challenges/The%20History%20of%20InfoVis/entries/Indiana%20University"
"http://ieeevis.tw.rpi.edu/instance/external/submission/751d0bedfc89fa7855f2725f202e51bd","http://hcil2.cs.umd.edu/newvarepository/VAST%20Challenge%202008/challenges/MC4%20-%20Evacuation%20Traces/entries/Texas%20Advanced%20Computing%20Center"
"http://ieeevis.tw.rpi.edu/instance/external/submission/76871c1f3abdab09792d2fa5441240b8","http://hcil2.cs.umd.edu/newvarepository/VAST%20Challenge%202009/challenges/MC3%20-%20Video%20Analysis/entries/VIDI%20Surveillance"
"http://ieeevis.tw.rpi.edu/instance/external/submission/76f2a9d0a77bf1a9a4a877a6a139b49b","http://hcil2.cs.umd.edu/newvarepository/VAST%20Challenge%202008/challenges/MC4%20-%20Evacuation%20Traces/entries/Victoria%20University%20of%20Wellington"
"http://ieeevis.tw.rpi.edu/instance/external/submission/77eff21762579349620390e066b3776b","http://hcil2.cs.umd.edu/newvarepository/VAST%20Challenge%202008/challenges/MC3%20-%20Cell%20Phone%20Calls/entries/Beijing%20University%20-%20GeoTemporalNet"
"http://ieeevis.tw.rpi.edu/instance/external/submission/79f16cd0ffc2660c80ba9b3ce5c35937","http://hcil2.cs.umd.edu/newvarepository/VAST%20Challenge%202012/challenges/MC1%20-%20Bank%20of%20Money%20Enterprise%20Cyber/entries/Secure%20Decisions"
"http://ieeevis.tw.rpi.edu/instance/external/submission/7b675a261ac475cb773e8435c4787596","http://hcil2.cs.umd.edu/newvarepository/VAST%20Challenge%202008/challenges/MC2%20-%20Migrant%20Boats/entries/Vision%20Systems%20and%20Technology%20-%20Prajna%20Project"
"http://ieeevis.tw.rpi.edu/instance/external/submission/7d06a83af37807aa32d9aa5cf1f00cdb","http://hcil2.cs.umd.edu/newvarepository/VAST%20Challenge%202009/challenges/MC2%20-%20Social%20Network%20and%20Geospatial/entries/Palantir%20Technologies"
"http://ieeevis.tw.rpi.edu/instance/external/submission/7d8fe674c47eab64abf76eb42e0196ab","http://hcil2.cs.umd.edu/newvarepository/VAST%20Challenge%202009/challenges/MC1%20-%20Badge%20and%20Network%20Traffic/entries/University%20of%20Konstanz"
"http://ieeevis.tw.rpi.edu/instance/external/submission/7ede7661909436e7f5433cd743089965","http://hcil2.cs.umd.edu/newvarepository/InfoVis%20Contest%202004/challenges/The%20History%20of%20InfoVis/entries/Drexel%20University%20-%20Citation%20Perspective"
"http://ieeevis.tw.rpi.edu/instance/external/submission/8013af857b44bdc9575362d2e638966e","http://hcil2.cs.umd.edu/newvarepository/VAST%20Challenge%202008/challenges/MC2%20-%20Migrant%20Boats/entries/Pacific%20Northwest%20National%20Laboratory%20-%20CORE"
"http://ieeevis.tw.rpi.edu/instance/external/submission/8087705227ee400acf6010d453cfbd95","http://hcil2.cs.umd.edu/newvarepository/VAST%20Challenge%202011/challenges/MC1%20-%20Characterization%20of%20an%20Epidemic%20Spread/entries/UBA%20-%20Map-Time%20Surfer"
"http://ieeevis.tw.rpi.edu/instance/external/submission/814de6afcfe1978035e595a25df364dd","http://hcil2.cs.umd.edu/newvarepository/InfoVis%20Contest%202005/challenges/Technology%20Trends%20in%20the%20United%20States/entries/Iowa%20State%20University"
"http://ieeevis.tw.rpi.edu/instance/external/submission/81dc8fc7e5d96d1bcfb46e9eb1553f38","http://hcil2.cs.umd.edu/newvarepository/InfoVis%20Contest%202003/challenges/Visualization%20and%20pair%20wise%20comparison%20of%20trees/entries/Treemap,%20Radial%20Tree,%20and%203D%20Tree%20Visualizations"
"http://ieeevis.tw.rpi.edu/instance/external/submission/8264b196d249afd0c1ba736f553c9099","http://hcil2.cs.umd.edu/newvarepository/VAST%20Challenge%202013/challenges/MC2%20-%20Situation%20Awareness%20Display%20Design/entries/Middlesex%20University%20CALME"
"http://ieeevis.tw.rpi.edu/instance/external/submission/858f1d7cf526330a7be8e5dc2ed697be","http://hcil2.cs.umd.edu/newvarepository/VAST%20Challenge%202013/challenges/MC2%20-%20Situation%20Awareness%20Display%20Design/entries/University%20of%20Konstanz"
"http://ieeevis.tw.rpi.edu/instance/external/submission/85fc3efd0858e5c3c241ffbc21c26d84","http://hcil2.cs.umd.edu/newvarepository/InfoVis%20Contest%202006/challenges/Analysis%20of%20U.S.%20Census%20population%20data/entries/Periscopic"
"http://ieeevis.tw.rpi.edu/instance/external/submission/86aeda822e81178d4ecd2cd697950d3","http://hcil2.cs.umd.edu/newvarepository/VAST%20Challenge%202012/challenges/MC1%20-%20Bank%20of%20Money%20Enterprise%20Cyber/entries/Purdue%20University"
"http://ieeevis.tw.rpi.edu/instance/external/submission/88036875989532f02e8e9a6dd21e59a9","http://hcil2.cs.umd.edu/newvarepository/VAST%20Challenge%202012/challenges/MC2%20-%20Bank%20of%20Money%20regional%20Network%20Op/entries/Central%20South%20Univeristy"
"http://ieeevis.tw.rpi.edu/instance/external/submission/8823847af87429f0c99756d543e06469","http://hcil2.cs.umd.edu/newvarepository/VAST%20Challenge%202011/challenges/Grand%20Challenge%202011/entries/VSTI"
"http://ieeevis.tw.rpi.edu/instance/external/submission/88cb35aa4f9ec0bd97df761972b89502","http://hcil2.cs.umd.edu/newvarepository/VAST%20Challenge%202009/challenges/MC1%20-%20Badge%20and%20Network%20Traffic/entries/VSTI%20Prajna%20Project"
"http://ieeevis.tw.rpi.edu/instance/external/submission/89fd45d76836c6b74e5bf734f147da19","http://hcil2.cs.umd.edu/newvarepository/VAST%20Challenge%202009/challenges/MC2%20-%20Social%20Network%20and%20Geospatial/entries/LaBRI,%20INRIA%20Bordeaux%20Sud-Ouest"
"http://ieeevis.tw.rpi.edu/instance/external/submission/8d97fde1503e573c01ade5db3c991ae0","http://hcil2.cs.umd.edu/newvarepository/InfoVis%20Contest%202004/challenges/The%20History%20of%20InfoVis/entries/University%20of%20Konstanz"
"http://ieeevis.tw.rpi.edu/instance/external/submission/8e4b06253b449062197b279454e6cd7c","http://hcil2.cs.umd.edu/newvarepository/VAST%20Challenge%202007/challenges/Grand%20Challenge%202007/entries/Oculus%20Info%20Inc"
"http://ieeevis.tw.rpi.edu/instance/external/submission/8f474e380e7b573919ba645bfce04bea","http://hcil2.cs.umd.edu/newvarepository/VAST%20Challenge%202009/challenges/MC1%20-%20Badge%20and%20Network%20Traffic/entries/Leonard%20-%20EAKOS%202009"
"http://ieeevis.tw.rpi.edu/instance/external/submission/9050e9ab97eb6defc1a13b07ed456967","http://hcil2.cs.umd.edu/newvarepository/VAST%20Challenge%202008/challenges/MC3%20-%20Cell%20Phone%20Calls/entries/University%20of%20California,%20Davis%20-%20MobiVis"
"http://ieeevis.tw.rpi.edu/instance/external/submission/90b3f5b6dbaa1ce065c4f081461a2e88","http://hcil2.cs.umd.edu/newvarepository/InfoVis%20Contest%202003/challenges/Visualization%20and%20pair%20wise%20comparison%20of%20trees/entries/EVAT%20-%20Environment%20for%20Visualization%20and%20Analysis"
"http://ieeevis.tw.rpi.edu/instance/external/submission/91ea54070799655882b67a2002b8569a","http://hcil2.cs.umd.edu/newvarepository/VAST%20Challenge%202010/challenges/MC1%20-%20Investigations%20into%20Arms%20Dealing/entries/LNMIIT"
"http://ieeevis.tw.rpi.edu/instance/external/submission/934307eeb6da77b10a02f04bb0ca0277","http://hcil2.cs.umd.edu/newvarepository/VAST%20Challenge%202010/challenges/MC3%20-%20Tracing%20the%20Mutations%20of%20a%20Disease/entries/University%20of%20Konstanz"
"http://ieeevis.tw.rpi.edu/instance/external/submission/93856458dcb2b0ed74865895601ad146","http://hcil2.cs.umd.edu/newvarepository/VAST%20Challenge%202008/challenges/MC4%20-%20Evacuation%20Traces/entries/VRVis%20-%20ComVis"
"http://ieeevis.tw.rpi.edu/instance/external/submission/946054ee34d4584508da0a93bf0c3958","http://hcil2.cs.umd.edu/newvarepository/VAST%20Challenge%202009/challenges/MC2%20-%20Social%20Network%20and%20Geospatial/entries/University%20of%20Konstanz"
"http://ieeevis.tw.rpi.edu/instance/external/submission/94a54ce85507d594fff9c11c17cbc02c","http://hcil2.cs.umd.edu/newvarepository/VAST%20Challenge%202009/challenges/MC2%20-%20Social%20Network%20and%20Geospatial/entries/Stanfield%20Systems%20Incorporated%20-%20VIM%20Toolkit"
"http://ieeevis.tw.rpi.edu/instance/external/submission/94fd65acad80270b6b4e32fa91f97cd5","http://hcil2.cs.umd.edu/newvarepository/VAST%20Challenge%202013/challenges/MC2%20-%20Situation%20Awareness%20Display%20Design/entries/Purdue%20University%20-%20Promann"
"http://ieeevis.tw.rpi.edu/instance/external/submission/97bb8cff2992313073c8fb532387e71a","http://hcil2.cs.umd.edu/newvarepository/VAST%20Challenge%202010/challenges/MC2%20-%20Characterization%20of%20Pandemic%20Spread/entries/Noblis%20Team"
"http://ieeevis.tw.rpi.edu/instance/external/submission/98918222e3c20fadd954b9cbd93751bf","http://hcil2.cs.umd.edu/newvarepository/VAST%20Challenge%202011/challenges/MC1%20-%20Characterization%20of%20an%20Epidemic%20Spread/entries/Purdue%20University"
"http://ieeevis.tw.rpi.edu/instance/external/submission/9a1e81dacf5510e80b5c2eba9d8a27bb","http://hcil2.cs.umd.edu/newvarepository/VAST%20Challenge%202012/challenges/MC1%20-%20Bank%20of%20Money%20Enterprise%20Cyber/entries/Universidad%20de%20Buenos%20Aires-Sebastian"
"http://ieeevis.tw.rpi.edu/instance/external/submission/9b777665d1b3aee5cd97725929a78854","http://hcil2.cs.umd.edu/newvarepository/VAST%20Challenge%202008/challenges/MC4%20-%20Evacuation%20Traces/entries/Pennsylvania%20State%20University%20-%20NEVAC"
"http://ieeevis.tw.rpi.edu/instance/external/submission/9d6a3f975f42e82c77d3db0a1d2da85b","http://hcil2.cs.umd.edu/newvarepository/InfoVis%20Contest%202004/challenges/The%20History%20of%20InfoVis/entries/University%20of%20Maryland%20&amp;%20Microsoft%20Research"
"http://ieeevis.tw.rpi.edu/instance/external/submission/9e627ea7045df992653dd538bd460ac7","http://hcil2.cs.umd.edu/newvarepository/VAST%20Challenge%202008/challenges/MC4%20-%20Evacuation%20Traces/entries/Vision%20Systems%20and%20Technology%20-%20Prajna%20Project"
"http://ieeevis.tw.rpi.edu/instance/external/submission/a07d4e788418dbfc45ddf34dfc6fcaf9","http://hcil2.cs.umd.edu/newvarepository/VAST%20Challenge%202009/challenges/MC2%20-%20Social%20Network%20and%20Geospatial/entries/DRDC"
"http://ieeevis.tw.rpi.edu/instance/external/submission/a275b9709975b8aadba8528b6a40317e","http://hcil2.cs.umd.edu/newvarepository/InfoVis%20Contest%202006/challenges/Analysis%20of%20U.S.%20Census%20population%20data/entries/University%20of%20Konstanz,%20Stanford%20University"
"http://ieeevis.tw.rpi.edu/instance/external/submission/a2ffda48832371ce3b16f6edaabffc61","http://hcil2.cs.umd.edu/newvarepository/VAST%20Challenge%202013/challenges/MC2%20-%20Situation%20Awareness%20Display%20Design/entries/Central%20South%20University"
"http://ieeevis.tw.rpi.edu/instance/external/submission/a3d2af28319a4d8de3eb02fbe0e360a4","http://hcil2.cs.umd.edu/newvarepository/VAST%20Challenge%202012/challenges/MC1%20-%20Bank%20of%20Money%20Enterprise%20Cyber/entries/Universidade%20Federal%20de%20Minas%20Gerais"
"http://ieeevis.tw.rpi.edu/instance/external/submission/a59901768475f8a391ddf6eb926ff68b","http://hcil2.cs.umd.edu/newvarepository/VAST%20Challenge%202009/challenges/MC2%20-%20Social%20Network%20and%20Geospatial/entries/Beijing%20University%20of%20Posts%20and%20Telecommunications-HumanDynamicVis"
"http://ieeevis.tw.rpi.edu/instance/external/submission/a6ae9edae5a4215d0200f6e7f6565a8a","http://hcil2.cs.umd.edu/newvarepository/VAST%20Challenge%202009/challenges/MC2%20-%20Social%20Network%20and%20Geospatial/entries/Leonard%20-%20EAKOS%202009"
"http://ieeevis.tw.rpi.edu/instance/external/submission/a7d33bd7710e96e4b394090a8b4bda78","http://hcil2.cs.umd.edu/newvarepository/VAST%20Challenge%202008/challenges/MC4%20-%20Evacuation%20Traces/entries/University%20of%20Bari-IVU%20Lab"
"http://ieeevis.tw.rpi.edu/instance/external/submission/aba9303b98dc030270f19f22e3954e1f","http://hcil2.cs.umd.edu/newvarepository/VAST%20Challenge%202013/challenges/MC3%20-%20Big%20Marketing/entries/Pennsylvania%20State%20University"
"http://ieeevis.tw.rpi.edu/instance/external/submission/ad107ef6edeb1c77fa51eb969a70bcd5","http://hcil2.cs.umd.edu/newvarepository/VAST%20Challenge%202010/challenges/MC2%20-%20Characterization%20of%20Pandemic%20Spread/entries/Purdue%20University"
"http://ieeevis.tw.rpi.edu/instance/external/submission/b1adaa7dfd415ec21305548135a5d1c8","http://hcil2.cs.umd.edu/newvarepository/VAST%20Challenge%202008/challenges/MC1%20-%20Wiki%20Editors/entries/Pacific%20Northwest%20National%20Laboratory%20-%20CORE"
"http://ieeevis.tw.rpi.edu/instance/external/submission/b32138562c16954a771a41829319b317","http://hcil2.cs.umd.edu/newvarepository/VAST%20Challenge%202008/challenges/Grand%20Challenge%202008/entries/Vision%20Systems%20and%20Technology%20-%20Prajna%20Project"
"http://ieeevis.tw.rpi.edu/instance/external/submission/b5fcc093363e68144e1cdf0e9db4d4d3","http://hcil2.cs.umd.edu/newvarepository/VAST%20Challenge%202012/challenges/MC1%20-%20Bank%20of%20Money%20Enterprise%20Cyber/entries/University%20of%20Amsterdam"
"http://ieeevis.tw.rpi.edu/instance/external/submission/b6e91572285ba721810decac47a55670","http://hcil2.cs.umd.edu/newvarepository/VAST%20Challenge%202008/challenges/MC4%20-%20Evacuation%20Traces/entries/Oculus%20Info%20Inc"
"http://ieeevis.tw.rpi.edu/instance/external/submission/b775bc53ff2e7ee8cc7473f333081202","http://hcil2.cs.umd.edu/newvarepository/VAST%20Challenge%202008/challenges/MC3%20-%20Cell%20Phone%20Calls/entries/Tennessee%20Tech"
"http://ieeevis.tw.rpi.edu/instance/external/submission/b870fe02dc5e9bedf4da73709c3cb95c","http://hcil2.cs.umd.edu/newvarepository/VAST%20Challenge%202010/challenges/MC3%20-%20Tracing%20the%20Mutations%20of%20a%20Disease/entries/Noblis%20Team"
"http://ieeevis.tw.rpi.edu/instance/external/submission/baa8648bf6a742ccdddf741cb442bfdf","http://hcil2.cs.umd.edu/newvarepository/VAST%20Challenge%202011/challenges/MC1%20-%20Characterization%20of%20an%20Epidemic%20Spread/entries/Pennsylvania%20State%20University"
"http://ieeevis.tw.rpi.edu/instance/external/submission/bb63bb94dae152c17f5435479662ecb0","http://hcil2.cs.umd.edu/newvarepository/VAST%20Challenge%202010/challenges/MC2%20-%20Characterization%20of%20Pandemic%20Spread/entries/Fraunhofer%20Institute%20IAIS"
"http://ieeevis.tw.rpi.edu/instance/external/submission/bc56c21183e60d97e4c1676558482fe6","http://hcil2.cs.umd.edu/newvarepository/VAST%20Challenge%202012/challenges/MC1%20-%20Bank%20of%20Money%20Enterprise%20Cyber/entries/University%20of%20Buenos%20Aires"
"http://ieeevis.tw.rpi.edu/instance/external/submission/c024346897a84bfa7f7163a6198087b4","http://hcil2.cs.umd.edu/newvarepository/VAST%20Challenge%202012/challenges/MC1%20-%20Bank%20of%20Money%20Enterprise%20Cyber/entries/Middlesex%20University"
"http://ieeevis.tw.rpi.edu/instance/external/submission/c30b12bd502b1b94a4d60195c7632009","http://hcil2.cs.umd.edu/newvarepository/VAST%20Challenge%202010/challenges/MC2%20-%20Characterization%20of%20Pandemic%20Spread/entries/VRVis%20-%20ComVis"
"http://ieeevis.tw.rpi.edu/instance/external/submission/c49f1c0099c2d7505a86a1078ac4ab62","http://hcil2.cs.umd.edu/newvarepository/VAST%20Challenge%202008/challenges/Grand%20Challenge%202008/entries/Palantir%20Technologies"
"http://ieeevis.tw.rpi.edu/instance/external/submission/c5e635a79a18c6eba4d300e970c06174","http://hcil2.cs.umd.edu/newvarepository/VAST%20Challenge%202010/challenges/Grand%20Challenge%202010/entries/University%20of%20Konstanz"
"http://ieeevis.tw.rpi.edu/instance/external/submission/c708a3c6e64cde8d51ce8f6f4b841cc4","http://hcil2.cs.umd.edu/newvarepository/VAST%20Challenge%202010/challenges/MC1%20-%20Investigations%20into%20Arms%20Dealing/entries/BFIS"
"http://ieeevis.tw.rpi.edu/instance/external/submission/c86550b0a69cc0616bb51e48fea5046","http://hcil2.cs.umd.edu/newvarepository/VAST%20Challenge%202008/challenges/Grand%20Challenge%202008/entries/Pennsylvania%20State%20University%20-%20NEVAC"
"http://ieeevis.tw.rpi.edu/instance/external/submission/cae9ad28e6807f81b7c77ed61ffc10a8","http://hcil2.cs.umd.edu/newvarepository/VAST%20Challenge%202013/challenges/MC3%20-%20Big%20Marketing/entries/Peking%20University"
"http://ieeevis.tw.rpi.edu/instance/external/submission/cb245ebeff0dc007f3e0e1f2b21375e9","http://hcil2.cs.umd.edu/newvarepository/VAST%20Challenge%202010/challenges/MC1%20-%20Investigations%20into%20Arms%20Dealing/entries/Noblis%20Team"
"http://ieeevis.tw.rpi.edu/instance/external/submission/ce106b6b186945e0c055e88f4b8ccd59","http://hcil2.cs.umd.edu/newvarepository/VAST%20Challenge%202008/challenges/MC2%20-%20Migrant%20Boats/entries/University%20of%20Washington%20-%20PARVAC%20Team"
"http://ieeevis.tw.rpi.edu/instance/external/submission/ce79d2490bb2921314828915b01f34fd","http://hcil2.cs.umd.edu/newvarepository/VAST%20Challenge%202012/challenges/MC1%20-%20Bank%20of%20Money%20Enterprise%20Cyber/entries/Central%20Michigan%20University"
"http://ieeevis.tw.rpi.edu/instance/external/submission/d00a87968bac26708b1e5ead302fdefe","http://hcil2.cs.umd.edu/newvarepository/VAST%20Challenge%202008/challenges/MC3%20-%20Cell%20Phone%20Calls/entries/INRIA%20Bordeaux%20-%20VizWhiz"
"http://ieeevis.tw.rpi.edu/instance/external/submission/d12230019780c46f36f834aaadc5ab41","http://hcil2.cs.umd.edu/newvarepository/VAST%20Challenge%202010/challenges/MC2%20-%20Characterization%20of%20Pandemic%20Spread/entries/PennState"
"http://ieeevis.tw.rpi.edu/instance/external/submission/d3c2a5bd243c8e5e42db806375a8037e","http://hcil2.cs.umd.edu/newvarepository/VAST%20Challenge%202013/challenges/MC3%20-%20Big%20Marketing/entries/Central%20Michigan%20University"
"http://ieeevis.tw.rpi.edu/instance/external/submission/d528bb45921de8a51b8f07c286acca07","http://hcil2.cs.umd.edu/newvarepository/VAST%20Challenge%202010/challenges/MC3%20-%20Tracing%20the%20Mutations%20of%20a%20Disease/entries/Georgia%20Institute%20of%20Technology"
"http://ieeevis.tw.rpi.edu/instance/external/submission/d5a2b4d4059727de2d447bcfb2ebbfac","http://hcil2.cs.umd.edu/newvarepository/VAST%20Challenge%202009/challenges/MC1%20-%20Badge%20and%20Network%20Traffic/entries/GAMI-International%20Institute%20of%20Information%20Technology,%20Hyderabad"
"http://ieeevis.tw.rpi.edu/instance/external/submission/d65927e496fac8033152992831d3c4cf","http://hcil2.cs.umd.edu/newvarepository/VAST%20Challenge%202010/challenges/MC2%20-%20Characterization%20of%20Pandemic%20Spread/entries/IIIT"
"http://ieeevis.tw.rpi.edu/instance/external/submission/d75afdb29a3ef88621150254e61abbd8","http://hcil2.cs.umd.edu/newvarepository/VAST%20Challenge%202009/challenges/MC1%20-%20Badge%20and%20Network%20Traffic/entries/StateChartVis"
"http://ieeevis.tw.rpi.edu/instance/external/submission/d8e09672812778f47063e04700e4904f","http://hcil2.cs.umd.edu/newvarepository/VAST%20Challenge%202012/challenges/MC2%20-%20Bank%20of%20Money%20regional%20Network%20Op/entries/Oak%20Ridge%20National%20Laboratory"
"http://ieeevis.tw.rpi.edu/instance/external/submission/d9973ff3d96c33bfac8e8e547aa045f9","http://hcil2.cs.umd.edu/newvarepository/VAST%20Challenge%202012/challenges/MC1%20-%20Bank%20of%20Money%20Enterprise%20Cyber/entries/giCentre,%20City%20University%20London"
"http://ieeevis.tw.rpi.edu/instance/external/submission/da42b776e1931cc3cf0ab065e7aa8d9f","http://hcil2.cs.umd.edu/newvarepository/VAST%20Challenge%202011/challenges/MC1%20-%20Characterization%20of%20an%20Epidemic%20Spread/entries/OECD"
"http://ieeevis.tw.rpi.edu/instance/external/submission/dcadafb4ab2c3cc9004654f40844902d","http://hcil2.cs.umd.edu/newvarepository/VAST%20Challenge%202011/challenges/Grand%20Challenge%202011/entries/Pennsylvania%20State%20University"
"http://ieeevis.tw.rpi.edu/instance/external/submission/de77a48cd411d01abb9d35688ef5f97","http://hcil2.cs.umd.edu/newvarepository/VAST%20Challenge%202010/challenges/MC3%20-%20Tracing%20the%20Mutations%20of%20a%20Disease/entries/UrsaManor"
"http://ieeevis.tw.rpi.edu/instance/external/submission/deb62495e6ad9d73619894cf9e4355e2","http://hcil2.cs.umd.edu/newvarepository/VAST%20Challenge%202012/challenges/MC2%20-%20Bank%20of%20Money%20regional%20Network%20Op/entries/Institute%20of%20Software%20Chinese%20Academy%20of%20Sciences"
"http://ieeevis.tw.rpi.edu/instance/external/submission/def3253d6f09fdc3fc161354f05f5b35","http://hcil2.cs.umd.edu/newvarepository/VAST%20Challenge%202010/challenges/MC2%20-%20Characterization%20of%20Pandemic%20Spread/entries/Middlesex%20University"
"http://ieeevis.tw.rpi.edu/instance/external/submission/dfaadd3fa3963fb29e648ceea60dae68","http://hcil2.cs.umd.edu/newvarepository/InfoVis%20Contest%202006/challenges/Analysis%20of%20U.S.%20Census%20population%20data/entries/University%20College%20Dublin,%20Ireland"
"http://ieeevis.tw.rpi.edu/instance/external/submission/e095ad034b4ed33761009b628a52f50","http://hcil2.cs.umd.edu/newvarepository/VAST%20Challenge%202009/challenges/MC1%20-%20Badge%20and%20Network%20Traffic/entries/Space%20Dynamics%20Laboratory%20-%20ProxIPVis"
"http://ieeevis.tw.rpi.edu/instance/external/submission/e2f15b4d9d6609fc653188ad19fc379","http://hcil2.cs.umd.edu/newvarepository/VAST%20Challenge%202008/challenges/MC1%20-%20Wiki%20Editors/entries/Beijing%20University%20-%20GeoTemporalNet"
"http://ieeevis.tw.rpi.edu/instance/external/submission/e48e9aff6442de05b63c9c26f0c8cc2a","http://hcil2.cs.umd.edu/newvarepository/VAST%20Challenge%202011/challenges/MC1%20-%20Characterization%20of%20an%20Epidemic%20Spread/entries/TVECTOR"
"http://ieeevis.tw.rpi.edu/instance/external/submission/e53ac9f7441e4ebe632fea144078f321","http://hcil2.cs.umd.edu/newvarepository/VAST%20Challenge%202011/challenges/MC1%20-%20Characterization%20of%20an%20Epidemic%20Spread/entries/UNC%20Charlotte"
"http://ieeevis.tw.rpi.edu/instance/external/submission/e708526876cd8ed3c8d45180829f2d96","http://hcil2.cs.umd.edu/newvarepository/InfoVis%20Contest%202005/challenges/Technology%20Trends%20in%20the%20United%20States/entries/Augsburg%20University,%20Germany"
"http://ieeevis.tw.rpi.edu/instance/external/submission/e9b95d66dcdba41f702c75318e2fc913","http://hcil2.cs.umd.edu/newvarepository/InfoVis%20Contest%202007/challenges/InfoVis%20Goes%20to%20the%20Movies/entries/NCSA"
"http://ieeevis.tw.rpi.edu/instance/external/submission/ebae870740b5137ba82786c6181539c5","http://hcil2.cs.umd.edu/newvarepository/InfoVis%20Contest%202007/challenges/InfoVis%20Goes%20to%20the%20Movies/entries/ATS%20-%20DataSuperheros"
"http://ieeevis.tw.rpi.edu/instance/external/submission/efe2f859250c1774b67aaba632e8d1fa","http://hcil2.cs.umd.edu/newvarepository/VAST%20Challenge%202013/challenges/MC2%20-%20Situation%20Awareness%20Display%20Design/entries/LAB"
"http://ieeevis.tw.rpi.edu/instance/external/submission/f3f1dfa14a3c926e46c1b68815218215","http://hcil2.cs.umd.edu/newvarepository/VAST%20Challenge%202013/challenges/MC3%20-%20Big%20Marketing/entries/Purdue%20University"
"http://ieeevis.tw.rpi.edu/instance/external/submission/f7252bb9eed3a1cfd22a9b6d6896dbe8","http://hcil2.cs.umd.edu/newvarepository/InfoVis%20Contest%202006/challenges/Analysis%20of%20U.S.%20Census%20population%20data/entries/Worcester%20Polytechnic%20Institute"
"http://ieeevis.tw.rpi.edu/instance/external/submission/f94b43da0e35a24c4102f7094bae6d18","http://hcil2.cs.umd.edu/newvarepository/VAST%20Challenge%202011/challenges/MC1%20-%20Characterization%20of%20an%20Epidemic%20Spread/entries/UBA%20-%20RHG"
"http://ieeevis.tw.rpi.edu/instance/external/submission/f9eef1e18bf8e996c7c95d062f2d1330","http://hcil2.cs.umd.edu/newvarepository/VAST%20Challenge%202012/challenges/MC1%20-%20Bank%20of%20Money%20Enterprise%20Cyber/entries/Trend%20Micro"
"http://ieeevis.tw.rpi.edu/instance/external/submission/fa864c02afede5f04a54aec41ee94bf8","http://hcil2.cs.umd.edu/newvarepository/InfoVis%20Contest%202005/challenges/Technology%20Trends%20in%20the%20United%20States/entries/University%20of%20Konstanz,%20Germany"
"http://ieeevis.tw.rpi.edu/instance/external/submission/108376dd69509172c6df88d76021426a","http://hcil2.cs.umd.edu/newvarepository/InfoVis%20Contest%202006/challenges/Analysis%20of%20U.S.%20Census%20population%20data/entries/University%20of%20California,%20Davis"
"http://ieeevis.tw.rpi.edu/instance/external/submission/10ba48ba8c625b54b63143f9ced410ef","http://hcil2.cs.umd.edu/newvarepository/VAST%20Challenge%202009/challenges/MC2%20-%20Social%20Network%20and%20Geospatial/entries/Georgia%20Institute%20of%20Technology"
"http://ieeevis.tw.rpi.edu/instance/external/submission/1245062456867135d2049acf99bcf20f","http://hcil2.cs.umd.edu/newvarepository/VAST%20Challenge%202008/challenges/MC1%20-%20Wiki%20Editors/entries/Carnegie%20Mellon"
"http://ieeevis.tw.rpi.edu/instance/external/submission/12a8cb969be94dc71f42fde52624850","http://hcil2.cs.umd.edu/newvarepository/VAST%20Challenge%202010/challenges/MC2%20-%20Characterization%20of%20Pandemic%20Spread/entries/College%20of%20Engineering%20Pune"
"http://ieeevis.tw.rpi.edu/instance/external/submission/149faf5511843a179502e3ea0d5a20d5","http://hcil2.cs.umd.edu/newvarepository/VAST%20Challenge%202008/challenges/MC2%20-%20Migrant%20Boats/entries/National%20University%20of%20Singapore%20-%20VASu"
"http://ieeevis.tw.rpi.edu/instance/external/submission/14fe72a15e8085365eea532287b63532","http://hcil2.cs.umd.edu/newvarepository/InfoVis%20Contest%202007/challenges/InfoVis%20Goes%20to%20the%20Movies/entries/OculusInfo-nSpaceAndGeoTime"
"http://ieeevis.tw.rpi.edu/instance/external/submission/15969129a009ed68f0883bdcbcf22593","http://hcil2.cs.umd.edu/newvarepository/VAST%20Challenge%202010/challenges/MC2%20-%20Characterization%20of%20Pandemic%20Spread/entries/DMWS-MTA%20SZTAKI"
"http://ieeevis.tw.rpi.edu/instance/external/submission/165caa4778b8fa3d03bee7ef0488b3a7","http://hcil2.cs.umd.edu/newvarepository/VAST%20Challenge%202010/challenges/MC3%20-%20Tracing%20the%20Mutations%20of%20a%20Disease/entries/DMWS-MTA%20SZTAKI"
"http://ieeevis.tw.rpi.edu/instance/external/submission/168644197def7bf3b997fb5520f49fdd","http://hcil2.cs.umd.edu/newvarepository/VAST%20Challenge%202012/challenges/MC2%20-%20Bank%20of%20Money%20regional%20Network%20Op/entries/University%20of%20Konstanz%20-%20Fischer"
"http://ieeevis.tw.rpi.edu/instance/external/submission/1839fbb8f33d75edd8d51fcbdf00b6ed","http://hcil2.cs.umd.edu/newvarepository/InfoVis%20Contest%202003/challenges/Visualization%20and%20pair%20wise%20comparison%20of%20trees/entries/Visualization%20of%20Trees%20as%20Highly%20Compressed%20Tables"
"http://ieeevis.tw.rpi.edu/instance/external/submission/1a1117db258f04cb2a77cad8bf93a9d4","http://hcil2.cs.umd.edu/newvarepository/VAST%20Challenge%202009/challenges/MC2%20-%20Social%20Network%20and%20Geospatial/entries/VIS(US)%20Stuttgart"
"http://ieeevis.tw.rpi.edu/instance/external/submission/1b61ebcec909dd2ec0e1d3e3d5d75785","http://hcil2.cs.umd.edu/newvarepository/InfoVis%20Contest%202005/challenges/Technology%20Trends%20in%20the%20United%20States/entries/Oregon%20State%20University"
"http://ieeevis.tw.rpi.edu/instance/external/submission/1d2829052ea94ce3434d6c5c51c79a8b","http://hcil2.cs.umd.edu/newvarepository/InfoVis%20Contest%202003/challenges/Visualization%20and%20pair%20wise%20comparison%20of%20trees/entries/TaxoNote"
"http://ieeevis.tw.rpi.edu/instance/external/submission/2029d4a9f850b8fd403888bf8b1d265a","http://hcil2.cs.umd.edu/newvarepository/VAST%20Challenge%202011/challenges/MC1%20-%20Characterization%20of%20an%20Epidemic%20Spread/entries/UBA%20-%20Python"
"http://ieeevis.tw.rpi.edu/instance/external/submission/21669bdd48089faee2946ce629ff92b1","http://hcil2.cs.umd.edu/newvarepository/VAST%20Challenge%202010/challenges/MC3%20-%20Tracing%20the%20Mutations%20of%20a%20Disease/entries/Team%20Stuttgart%20and%20Tubingen"
"http://ieeevis.tw.rpi.edu/instance/external/submission/21a8fd021b5c96225c521458655d88b6","http://hcil2.cs.umd.edu/newvarepository/VAST%20Challenge%202012/challenges/MC2%20-%20Bank%20of%20Money%20regional%20Network%20Op/entries/University%20of%20Buenos%20Aires"
"http://ieeevis.tw.rpi.edu/instance/external/submission/22b8696a961eef457df67d9ecd9d5b27","http://hcil2.cs.umd.edu/newvarepository/VAST%20Challenge%202008/challenges/MC2%20-%20Migrant%20Boats/entries/Texas%20Advanced%20Computing%20Center"
"http://ieeevis.tw.rpi.edu/instance/external/submission/2610a23d937e96316ea3b5f227d9df4f","http://hcil2.cs.umd.edu/newvarepository/VAST%20Challenge%202013/challenges/MC3%20-%20Big%20Marketing/entries/Zhejiang%20University"
"http://ieeevis.tw.rpi.edu/instance/external/submission/27b8e3b4c77f9e3055d7a22b9c5145b8","http://hcil2.cs.umd.edu/newvarepository/VAST%20Challenge%202010/challenges/MC2%20-%20Characterization%20of%20Pandemic%20Spread/entries/Periscopic"
"http://ieeevis.tw.rpi.edu/instance/external/submission/28f011d72953633dd2525b43a501bd31","http://hcil2.cs.umd.edu/newvarepository/VAST%20Challenge%202011/challenges/MC1%20-%20Characterization%20of%20an%20Epidemic%20Spread/entries/Arrick%20Analytics%20Research"
"http://ieeevis.tw.rpi.edu/instance/external/submission/294a16c01357d3e15bbafb80c5c84923","http://hcil2.cs.umd.edu/newvarepository/VAST%20Challenge%202008/challenges/Grand%20Challenge%202008/entries/Beijing%20University%20-%20GeoTemporalNet"
"http://ieeevis.tw.rpi.edu/instance/external/submission/2a784a650dc32e6c25926edfb8fcea06","http://hcil2.cs.umd.edu/newvarepository/VAST%20Challenge%202006/challenges/Grand%20Challenge%202006/entries/Oculus"
"http://ieeevis.tw.rpi.edu/instance/external/submission/2ca6ab05b275175d1869404c66150431","http://hcil2.cs.umd.edu/newvarepository/VAST%20Challenge%202011/challenges/MC1%20-%20Characterization%20of%20an%20Epidemic%20Spread/entries/IBM%20Research"
"http://ieeevis.tw.rpi.edu/instance/external/submission/2cf92dc03194d46b4031235396d601f5","http://hcil2.cs.umd.edu/newvarepository/VAST%20Challenge%202012/challenges/MC1%20-%20Bank%20of%20Money%20Enterprise%20Cyber/entries/UBA-Cardona"
"http://ieeevis.tw.rpi.edu/instance/external/submission/2ee144ad337db5c2cb976121f9f455e0","http://hcil2.cs.umd.edu/newvarepository/VAST%20Challenge%202007/challenges/Grand%20Challenge%202007/entries/ATS"
"http://ieeevis.tw.rpi.edu/instance/external/submission/303c462fb5d1e2921d6f3e097cf2a03e","http://hcil2.cs.umd.edu/newvarepository/VAST%20Challenge%202009/challenges/MC2%20-%20Social%20Network%20and%20Geospatial/entries/University%20of%20Ulm%20and%20derivo-VIScover"
"http://ieeevis.tw.rpi.edu/instance/external/submission/30c724707b4847b08a43762a2b2e903","http://hcil2.cs.umd.edu/newvarepository/VAST%20Challenge%202008/challenges/MC2%20-%20Migrant%20Boats/entries/Beijing%20University%20-%20GeoTemporalNet"
"http://ieeevis.tw.rpi.edu/instance/external/submission/311290d0dbc3ecb18921b0c8f5e792c","http://hcil2.cs.umd.edu/newvarepository/VAST%20Challenge%202010/challenges/MC2%20-%20Characterization%20of%20Pandemic%20Spread/entries/VIDI%20Research%20group,%20University%20of%20California,%20Davis"
"http://ieeevis.tw.rpi.edu/instance/external/submission/3188ffb6e2a4f43d4a03d2c0ab36ecd0","http://hcil2.cs.umd.edu/newvarepository/VAST%20Challenge%202011/challenges/MC2%20-%20Computer%20Networking%20Operations/entries/VSTI"
"http://ieeevis.tw.rpi.edu/instance/external/submission/31d0c89daf22e51d6483f45894933acf","http://hcil2.cs.umd.edu/newvarepository/VAST%20Challenge%202008/challenges/MC1%20-%20Wiki%20Editors/entries/Palantir%20Technologies"
"http://ieeevis.tw.rpi.edu/instance/external/submission/3301111294e8d47b596f3d81ecd3047c","http://hcil2.cs.umd.edu/newvarepository/VAST%20Challenge%202011/challenges/MC1%20-%20Characterization%20of%20an%20Epidemic%20Spread/entries/SAS"
"http://ieeevis.tw.rpi.edu/instance/external/submission/34e214925e925679103bb01b6e4b0a36","http://hcil2.cs.umd.edu/newvarepository/VAST%20Challenge%202011/challenges/MC2%20-%20Computer%20Networking%20Operations/entries/CMU%20IBM"
"http://ieeevis.tw.rpi.edu/instance/external/submission/357b6b6b839fd7352d41c1bc8a4224d5","http://hcil2.cs.umd.edu/newvarepository/VAST%20Challenge%202008/challenges/Grand%20Challenge%202008/entries/SPADAC"
"http://ieeevis.tw.rpi.edu/instance/external/submission/37cf89ad240f757ce1bc5cd090701445","http://hcil2.cs.umd.edu/newvarepository/VAST%20Challenge%202012/challenges/MC2%20-%20Bank%20of%20Money%20regional%20Network%20Op/entries/Trend%20Micro"
"http://ieeevis.tw.rpi.edu/instance/external/submission/3895f0aa04ba8a2a21238f22ab0d5af2","http://hcil2.cs.umd.edu/newvarepository/VAST%20Challenge%202011/challenges/MC1%20-%20Characterization%20of%20an%20Epidemic%20Spread/entries/giCentre,%20City%20University%20London"
"http://ieeevis.tw.rpi.edu/instance/external/submission/3abcc05c77890ff7affc0d3f8db0099a","http://hcil2.cs.umd.edu/newvarepository/VAST%20Challenge%202008/challenges/MC1%20-%20Wiki%20Editors/entries/Oculus%20Info%20Inc"
"http://ieeevis.tw.rpi.edu/instance/external/submission/3bac6b923cdd93bd246a1d74a47e6859","http://hcil2.cs.umd.edu/newvarepository/VAST%20Challenge%202013/challenges/MC3%20-%20Big%20Marketing/entries/Virginia%20Polytechnic%20Institute%20and%20State%20University"
"http://ieeevis.tw.rpi.edu/instance/external/submission/3ed48252166c4d250099b3c1f7e26cbf","http://hcil2.cs.umd.edu/newvarepository/VAST%20Challenge%202009/challenges/MC1%20-%20Badge%20and%20Network%20Traffic/entries/Oculus%20Info%20Inc"
"http://ieeevis.tw.rpi.edu/instance/external/submission/3fb88efcc47a6f0391e59195e2a2988d","http://hcil2.cs.umd.edu/newvarepository/VAST%20Challenge%202008/challenges/MC4%20-%20Evacuation%20Traces/entries/Palantir%20Technologies"
"http://ieeevis.tw.rpi.edu/instance/external/submission/40943786406021ff9b475ef3ca5c0274","http://hcil2.cs.umd.edu/newvarepository/VAST%20Challenge%202012/challenges/MC2%20-%20Bank%20of%20Money%20regional%20Network%20Op/entries/University%20of%20Northumbria"
"http://ieeevis.tw.rpi.edu/instance/external/submission/41acedfccbe9f4213454335adeddd0ff","http://hcil2.cs.umd.edu/newvarepository/InfoVis%20Contest%202003/challenges/Visualization%20and%20pair%20wise%20comparison%20of%20trees/entries/TreeJuxtaposer"
"http://ieeevis.tw.rpi.edu/instance/external/submission/4223b087ef539700e5fe83641b79ff32","http://hcil2.cs.umd.edu/newvarepository/VAST%20Challenge%202009/challenges/MC1%20-%20Badge%20and%20Network%20Traffic/entries/VIS(US)%20Stuttgart"
"http://ieeevis.tw.rpi.edu/instance/external/submission/43f8210eeb35d212c75108b8013a8e8c","http://hcil2.cs.umd.edu/newvarepository/VAST%20Challenge%202008/challenges/MC2%20-%20Migrant%20Boats/entries/University%20of%20Illinois%20National%20Center%20for%20Superc"
"http://ieeevis.tw.rpi.edu/instance/external/submission/4463b26183dc8517e01216ea8ec55aaf","http://hcil2.cs.umd.edu/newvarepository/VAST%20Challenge%202009/challenges/MC2%20-%20Social%20Network%20and%20Geospatial/entries/TaburienteUMD%20-%20Slice%20and%20Dice"
"http://ieeevis.tw.rpi.edu/instance/external/submission/477fc1197bddceadc4051314c5d0bc61","http://hcil2.cs.umd.edu/newvarepository/VAST%20Challenge%202010/challenges/MC2%20-%20Characterization%20of%20Pandemic%20Spread/entries/COEP2"
"http://ieeevis.tw.rpi.edu/instance/external/submission/49259194528a6ee674a58ed5fac04da4","http://hcil2.cs.umd.edu/newvarepository/VAST%20Challenge%202010/challenges/MC1%20-%20Investigations%20into%20Arms%20Dealing/entries/VRVis%20-%20ComVis"
"http://ieeevis.tw.rpi.edu/instance/external/submission/49c7415c8e3df1fa150e48645794f57e","http://hcil2.cs.umd.edu/newvarepository/VAST%20Challenge%202009/challenges/Grand%20Challenge%202009/entries/Palantir%20Technologies"
"http://ieeevis.tw.rpi.edu/instance/external/submission/4ad4f33dcca2874331a3576d448ec3c1","http://hcil2.cs.umd.edu/newvarepository/InfoVis%20Contest%202004/challenges/The%20History%20of%20InfoVis/entries/University%20of%20Sydney%20Australia"
"http://ieeevis.tw.rpi.edu/instance/external/submission/4e028055c40d5a57bd25c89f86c49072","http://hcil2.cs.umd.edu/newvarepository/VAST%20Challenge%202008/challenges/MC4%20-%20Evacuation%20Traces/entries/University%20of%20Washington%20-%20PARVAC%20Team"
"http://ieeevis.tw.rpi.edu/instance/external/submission/508448a37927e5346a479e2c3549c33e","http://hcil2.cs.umd.edu/newvarepository/InfoVis%20Contest%202005/challenges/Technology%20Trends%20in%20the%20United%20States/entries/Penn%20State%20University,University%20of%20South%20Carolina"
"http://ieeevis.tw.rpi.edu/instance/external/submission/5103b8359dcc8ccb4f9e0b9597b1b860","http://hcil2.cs.umd.edu/newvarepository/VAST%20Challenge%202011/challenges/MC3%20-%20Investigation%20into%20Terrorist%20Activity/entries/Middlesex%20University%20University%20of%20Leeds"
"http://ieeevis.tw.rpi.edu/instance/external/submission/52fea7517d709bbbb7140e6975090922","http://hcil2.cs.umd.edu/newvarepository/InfoVis%20Contest%202005/challenges/Technology%20Trends%20in%20the%20United%20States/entries/Universita%20di%20Roma%20La%20Sapienza,%20Italy"
"http://ieeevis.tw.rpi.edu/instance/external/submission/53b1be43a30327231223deb06ab7e271","http://hcil2.cs.umd.edu/newvarepository/VAST%20Challenge%202010/challenges/MC3%20-%20Tracing%20the%20Mutations%20of%20a%20Disease/entries/Middlesex%20University"
"http://ieeevis.tw.rpi.edu/instance/external/submission/544ef3221c89d7432ca9daeb279b2ecf","http://hcil2.cs.umd.edu/newvarepository/VAST%20Challenge%202009/challenges/MC1%20-%20Badge%20and%20Network%20Traffic/entries/Georgia%20Institute%20of%20Technology"
"http://ieeevis.tw.rpi.edu/instance/external/submission/55b26338ad067448527f67572682d3dd","http://hcil2.cs.umd.edu/newvarepository/VAST%20Challenge%202008/challenges/MC3%20-%20Cell%20Phone%20Calls/entries/VRVis%20-%20ComVis"
"http://ieeevis.tw.rpi.edu/instance/external/submission/570130dc950f7685198ffacbf37bfbfd","http://hcil2.cs.umd.edu/newvarepository/VAST%20Challenge%202010/challenges/MC1%20-%20Investigations%20into%20Arms%20Dealing/entries/Georgia%20Institute%20of%20Technology"
"http://ieeevis.tw.rpi.edu/instance/external/submission/58682157ff2db00a7c016d968d39dd99","http://hcil2.cs.umd.edu/newvarepository/VAST%20Challenge%202011/challenges/MC3%20-%20Investigation%20into%20Terrorist%20Activity/entries/OECD"
"http://ieeevis.tw.rpi.edu/instance/external/submission/59195075e20b5baf1ebfd6c371aa001f","http://hcil2.cs.umd.edu/newvarepository/VAST%20Challenge%202011/challenges/MC3%20-%20Investigation%20into%20Terrorist%20Activity/entries/UNCC"
"http://ieeevis.tw.rpi.edu/instance/external/submission/5b0655291bbc7494da39c07df5cbd841","http://hcil2.cs.umd.edu/newvarepository/InfoVis%20Contest%202004/challenges/The%20History%20of%20InfoVis/entries/Georgia%20Institute%20of%20Technology%20-%20MonkEllipse"
"http://ieeevis.tw.rpi.edu/instance/external/submission/5d3516283d6e2043cbf586e57234ce3f","http://hcil2.cs.umd.edu/newvarepository/VAST%20Challenge%202011/challenges/MC1%20-%20Characterization%20of%20an%20Epidemic%20Spread/entries/Bangor%20University"
"http://ieeevis.tw.rpi.edu/instance/external/submission/5ddea0e83a8cfb377e2840d6d6df21d4","http://hcil2.cs.umd.edu/newvarepository/VAST%20Challenge%202010/challenges/MC3%20-%20Tracing%20the%20Mutations%20of%20a%20Disease/entries/SFU-SIAT-IMAS"
"http://ieeevis.tw.rpi.edu/instance/external/submission/5eb1bc41c74e1d389d777f53144ee1a1","http://hcil2.cs.umd.edu/newvarepository/VAST%20Challenge%202012/challenges/MC1%20-%20Bank%20of%20Money%20Enterprise%20Cyber/entries/University%20of%20British%20Columbia"
"http://ieeevis.tw.rpi.edu/instance/external/submission/600123fa427a8b91d2333cb20544e2e4","http://hcil2.cs.umd.edu/newvarepository/VAST%20Challenge%202012/challenges/MC2%20-%20Bank%20of%20Money%20regional%20Network%20Op/entries/Modern%20Sciences%20and%20Arts%20University"
"http://ieeevis.tw.rpi.edu/instance/external/submission/61d7027a43414954d8edd1261a01f4d8","http://hcil2.cs.umd.edu/newvarepository/VAST%20Challenge%202008/challenges/MC3%20-%20Cell%20Phone%20Calls/entries/Palantir%20Technologies"
"http://ieeevis.tw.rpi.edu/instance/external/submission/632415f624de75c7a65737fd3200bb43","http://hcil2.cs.umd.edu/newvarepository/VAST%20Challenge%202008/challenges/MC4%20-%20Evacuation%20Traces/entries/SPADAC"
"http://ieeevis.tw.rpi.edu/instance/external/submission/64abe75958d8b49b104ca51d3a92336a","http://hcil2.cs.umd.edu/newvarepository/VAST%20Challenge%202010/challenges/Grand%20Challenge%202010/entries/DMWS-MTA%20SZTAKI"
"http://ieeevis.tw.rpi.edu/instance/external/submission/65a4e43b1ebc92a0050661216a6e4b60","http://hcil2.cs.umd.edu/newvarepository/VAST%20Challenge%202010/challenges/MC1%20-%20Investigations%20into%20Arms%20Dealing/entries/UNIKN-Arms%20Dealings"
"http://ieeevis.tw.rpi.edu/instance/external/submission/667b1b780d36913e9219d00c1a303db2","http://hcil2.cs.umd.edu/newvarepository/VAST%20Challenge%202009/challenges/MC2%20-%20Social%20Network%20and%20Geospatial/entries/SZTAKI-graphVis"
"http://ieeevis.tw.rpi.edu/instance/external/submission/682cd162194b4bd6815fb1cd3b9cd732","http://hcil2.cs.umd.edu/newvarepository/VAST%20Challenge%202011/challenges/MC3%20-%20Investigation%20into%20Terrorist%20Activity/entries/Georgia%20Tech"
"http://ieeevis.tw.rpi.edu/instance/external/submission/6a4c0a8d262c62ea051e228cdbe75945","http://hcil2.cs.umd.edu/newvarepository/VAST%20Challenge%202008/challenges/MC3%20-%20Cell%20Phone%20Calls/entries/University%20of%20Illinois%20National%20Center%20for%20Superc"
"http://ieeevis.tw.rpi.edu/instance/external/submission/6c5cd401e07f71ed781b137a276238b4","http://hcil2.cs.umd.edu/newvarepository/InfoVis%20Contest%202007/challenges/InfoVis%20Goes%20to%20the%20Movies/entries/The%20Bricolage"
"http://ieeevis.tw.rpi.edu/instance/external/submission/6cc052bd14c156677ff6d4df6a7bfc08","http://hcil2.cs.umd.edu/newvarepository/VAST%20Challenge%202008/challenges/MC3%20-%20Cell%20Phone%20Calls/entries/University%20of%20Maryland%20-%20AttributeLayoutViz"
"http://ieeevis.tw.rpi.edu/instance/external/submission/6e7bbcbf703b64c471eb237a0fd81e17","http://hcil2.cs.umd.edu/newvarepository/VAST%20Challenge%202011/challenges/MC3%20-%20Investigation%20into%20Terrorist%20Activity/entries/University%20of%20Maryland"
"http://ieeevis.tw.rpi.edu/instance/external/submission/7042b33a79a786c019ef78ec4c9dbf5d","http://hcil2.cs.umd.edu/newvarepository/VAST%20Challenge%202012/challenges/MC2%20-%20Bank%20of%20Money%20regional%20Network%20Op/entries/Virginia%20Tech"
"http://ieeevis.tw.rpi.edu/instance/external/submission/712a62e3a2eb370b7c33a545907cba58","http://hcil2.cs.umd.edu/newvarepository/VAST%20Challenge%202010/challenges/MC1%20-%20Investigations%20into%20Arms%20Dealing/entries/Oculus%20Info%20Inc"
"http://ieeevis.tw.rpi.edu/instance/external/submission/73877a05becdaa9b141ebaf34285ce2f","http://hcil2.cs.umd.edu/newvarepository/VAST%20Challenge%202007/challenges/Grand%20Challenge%202007/entries/NCSA,%20University%20of%20Illinois%20Urbana%20Champaign"
"http://ieeevis.tw.rpi.edu/instance/external/submission/73baa29d3c1b6427146998ebc83699e","http://hcil2.cs.umd.edu/newvarepository/InfoVis%20Contest%202005/challenges/Technology%20Trends%20in%20the%20United%20States/entries/Universitat%20Karlsruhe%20(TH)"
"http://ieeevis.tw.rpi.edu/instance/external/submission/74a53c03ac38e9a2aefeb35aa722301f","http://hcil2.cs.umd.edu/newvarepository/VAST%20Challenge%202011/challenges/MC3%20-%20Investigation%20into%20Terrorist%20Activity/entries/Oculus%20Info%20Inc"
"http://ieeevis.tw.rpi.edu/instance/external/submission/756e3f4383ef2dfb83ac3e13032216bc","http://hcil2.cs.umd.edu/newvarepository/VAST%20Challenge%202010/challenges/MC1%20-%20Investigations%20into%20Arms%20Dealing/entries/Xanalys%20Ltd"
"http://ieeevis.tw.rpi.edu/instance/external/submission/779cc2ed49de30619ad76c4271c46c49","http://hcil2.cs.umd.edu/newvarepository/VAST%20Challenge%202011/challenges/MC2%20-%20Computer%20Networking%20Operations/entries/University%20of%20Konstanz"
"http://ieeevis.tw.rpi.edu/instance/external/submission/77fa960476de7d19eecba310ce44a99","http://hcil2.cs.umd.edu/newvarepository/VAST%20Challenge%202008/challenges/MC3%20-%20Cell%20Phone%20Calls/entries/Pacific%20Northwest%20National%20Laboratory%20-%20CORE"
"http://ieeevis.tw.rpi.edu/instance/external/submission/7826928124b3c1817149bfa08e4c9b32","http://hcil2.cs.umd.edu/newvarepository/VAST%20Challenge%202008/challenges/MC1%20-%20Wiki%20Editors/entries/Vision%20Systems%20and%20Technology%20-%20Prajna%20Project"
"http://ieeevis.tw.rpi.edu/instance/external/submission/79f8afe9e8293354165ca0677d08a71c","http://hcil2.cs.umd.edu/newvarepository/VAST%20Challenge%202011/challenges/MC1%20-%20Characterization%20of%20an%20Epidemic%20Spread/entries/PRISMAVisualization%20Team"
"http://ieeevis.tw.rpi.edu/instance/external/submission/7c04e8642fb74abb5b343f5317d3fd9e","http://hcil2.cs.umd.edu/newvarepository/VAST%20Challenge%202012/challenges/MC2%20-%20Bank%20of%20Money%20regional%20Network%20Op/entries/Penn%20State%20University"
"http://ieeevis.tw.rpi.edu/instance/external/submission/7d2ad899fc2b992ece89fdd4ae5507f3","http://hcil2.cs.umd.edu/newvarepository/InfoVis%20Contest%202005/challenges/Technology%20Trends%20in%20the%20United%20States/entries/Pennsylvania%20State%20University"
"http://ieeevis.tw.rpi.edu/instance/external/submission/7e3e24b9350e4c6706e2ef24b310b2f6","http://hcil2.cs.umd.edu/newvarepository/VAST%20Challenge%202011/challenges/MC3%20-%20Investigation%20into%20Terrorist%20Activity/entries/VSTI"
"http://ieeevis.tw.rpi.edu/instance/external/submission/7f5cc7fb66850ff52ec183fa7db8fa4","http://hcil2.cs.umd.edu/newvarepository/VAST%20Challenge%202010/challenges/MC3%20-%20Tracing%20the%20Mutations%20of%20a%20Disease/entries/CERTH%20ITI"
"http://ieeevis.tw.rpi.edu/instance/external/submission/8028235741fe599cd1c109fffa3d16c7","http://hcil2.cs.umd.edu/newvarepository/VAST%20Challenge%202007/challenges/Grand%20Challenge%202007/entries/Sandia%20National%20Laboratories%20and%20Kitware"
"http://ieeevis.tw.rpi.edu/instance/external/submission/809a27b9433c04e050f30b00923c5941","http://hcil2.cs.umd.edu/newvarepository/VAST%20Challenge%202011/challenges/MC1%20-%20Characterization%20of%20an%20Epidemic%20Spread/entries/VIS%20Stuttgart"
"http://ieeevis.tw.rpi.edu/instance/external/submission/8215039ceda32fe0bb34a773285c478f","http://hcil2.cs.umd.edu/newvarepository/InfoVis%20Contest%202004/challenges/The%20History%20of%20InfoVis/entries/Pacific%20Northwest%20National%20Laboratory"
"http://ieeevis.tw.rpi.edu/instance/external/submission/82982ba9b050658814967853cfa134fe","http://hcil2.cs.umd.edu/newvarepository/VAST%20Challenge%202011/challenges/MC1%20-%20Characterization%20of%20an%20Epidemic%20Spread/entries/MTA-SZTAKI"
"http://ieeevis.tw.rpi.edu/instance/external/submission/845857ed8df0929d398fd2d68684562d","http://hcil2.cs.umd.edu/newvarepository/VAST%20Challenge%202011/challenges/Grand%20Challenge%202011/entries/SAS"
"http://ieeevis.tw.rpi.edu/instance/external/submission/852c992b60f6774a90cac027caf1be47","http://hcil2.cs.umd.edu/newvarepository/VAST%20Challenge%202008/challenges/MC2%20-%20Migrant%20Boats/entries/SPADAC"
"http://ieeevis.tw.rpi.edu/instance/external/submission/85a19af5732c5d1faa0865acb7158b03","http://hcil2.cs.umd.edu/newvarepository/VAST%20Challenge%202009/challenges/MC1%20-%20Badge%20and%20Network%20Traffic/entries/Wandering%20Aengus"
"http://ieeevis.tw.rpi.edu/instance/external/submission/861f2cb924b0277a5186e3728b54591c","http://hcil2.cs.umd.edu/newvarepository/VAST%20Challenge%202009/challenges/MC2%20-%20Social%20Network%20and%20Geospatial/entries/TCS-InnovationLab,Delhi"
"http://ieeevis.tw.rpi.edu/instance/external/submission/87ebc3f304c22d58b524f243f259253d","http://hcil2.cs.umd.edu/newvarepository/VAST%20Challenge%202011/challenges/MC1%20-%20Characterization%20of%20an%20Epidemic%20Spread/entries/Cognizant%20BFS%20Innovation"
"http://ieeevis.tw.rpi.edu/instance/external/submission/88a6cb15e2e2725e8c457b0065475bd7","http://hcil2.cs.umd.edu/newvarepository/VAST%20Challenge%202010/challenges/MC2%20-%20Characterization%20of%20Pandemic%20Spread/entries/Georgia%20Institute%20of%20Technology"
"http://ieeevis.tw.rpi.edu/instance/external/submission/897e352e33ee01b95a678947de53eb0","http://hcil2.cs.umd.edu/newvarepository/VAST%20Challenge%202008/challenges/MC3%20-%20Cell%20Phone%20Calls/entries/Carnegie%20Mellon"
"http://ieeevis.tw.rpi.edu/instance/external/submission/8a8a15aa6187220773c039f560a91c95","http://hcil2.cs.umd.edu/newvarepository/VAST%20Challenge%202008/challenges/MC2%20-%20Migrant%20Boats/entries/Palantir%20Technologies"
"http://ieeevis.tw.rpi.edu/instance/external/submission/8dc9a9cf2111003678b8336ac8056571","http://hcil2.cs.umd.edu/newvarepository/VAST%20Challenge%202009/challenges/MC3%20-%20Video%20Analysis/entries/Leonard%20-%20EAKOS%202009"
"http://ieeevis.tw.rpi.edu/instance/external/submission/8e9429aa7944318207e1666c70fecc4e","http://hcil2.cs.umd.edu/newvarepository/VAST%20Challenge%202012/challenges/MC2%20-%20Bank%20of%20Money%20regional%20Network%20Op/entries/Team%20Aladeen"
"http://ieeevis.tw.rpi.edu/instance/external/submission/903489e56c4adb2d36c131dcb524c91","http://hcil2.cs.umd.edu/newvarepository/InfoVis%20Contest%202007/challenges/InfoVis%20Goes%20to%20the%20Movies/entries/PSU%20-%20TexPlorer"
"http://ieeevis.tw.rpi.edu/instance/external/submission/903ac8929c315b504d423b9647dd96cf","http://hcil2.cs.umd.edu/newvarepository/VAST%20Challenge%202010/challenges/MC2%20-%20Characterization%20of%20Pandemic%20Spread/entries/Bangor"
"http://ieeevis.tw.rpi.edu/instance/external/submission/9054f868fb9983acf3ce99014a668529","http://hcil2.cs.umd.edu/newvarepository/VAST%20Challenge%202008/challenges/MC2%20-%20Migrant%20Boats/entries/VRVis-ComVis-Boats"
"http://ieeevis.tw.rpi.edu/instance/external/submission/91e466f4f8f61a268c2ab94508fc297b","http://hcil2.cs.umd.edu/newvarepository/VAST%20Challenge%202008/challenges/MC3%20-%20Cell%20Phone%20Calls/entries/Oculus%20Info%20Inc"
"http://ieeevis.tw.rpi.edu/instance/external/submission/9226dd4ea06f9b9b4e921ee28076a7b","http://hcil2.cs.umd.edu/newvarepository/VAST%20Challenge%202012/challenges/MC1%20-%20Bank%20of%20Money%20Enterprise%20Cyber/entries/MTA%20SZTAKI"
"http://ieeevis.tw.rpi.edu/instance/external/submission/928ef0acf3d3955a738f912539a39b8b","http://hcil2.cs.umd.edu/newvarepository/VAST%20Challenge%202008/challenges/MC3%20-%20Cell%20Phone%20Calls/entries/TNO%20-%20MaffiaFinder's"
"http://ieeevis.tw.rpi.edu/instance/external/submission/932f1dbc40ff42ce4d2d921696eb060","http://hcil2.cs.umd.edu/newvarepository/VAST%20Challenge%202011/challenges/MC3%20-%20Investigation%20into%20Terrorist%20Activity/entries/SAS"
"http://ieeevis.tw.rpi.edu/instance/external/submission/936b6039c4012a85695aefa3f3d02aaf","http://hcil2.cs.umd.edu/newvarepository/VAST%20Challenge%202009/challenges/MC1%20-%20Badge%20and%20Network%20Traffic/entries/Palantir%20Technologies"
"http://ieeevis.tw.rpi.edu/instance/external/submission/939cbd5cca1dcd58ebbcc8fec0e1729f","http://hcil2.cs.umd.edu/newvarepository/VAST%20Challenge%202010/challenges/MC2%20-%20Characterization%20of%20Pandemic%20Spread/entries/giCentre,%20City%20University%20London"
"http://ieeevis.tw.rpi.edu/instance/external/submission/9466f9f93cd257a450e717d8bee3f802","http://hcil2.cs.umd.edu/newvarepository/VAST%20Challenge%202008/challenges/MC3%20-%20Cell%20Phone%20Calls/entries/SPADAC"
"http://ieeevis.tw.rpi.edu/instance/external/submission/94eb556461c952ee3284a3039ebd4ead","http://hcil2.cs.umd.edu/newvarepository/VAST%20Challenge%202011/challenges/MC1%20-%20Characterization%20of%20an%20Epidemic%20Spread/entries/University%20of%20Konstanz"
"http://ieeevis.tw.rpi.edu/instance/external/submission/968925bf760bc106846b795b7ac8ca32","http://hcil2.cs.umd.edu/newvarepository/VAST%20Challenge%202009/challenges/MC2%20-%20Social%20Network%20and%20Geospatial/entries/University%20of%20Maryland-Mindlab"
"http://ieeevis.tw.rpi.edu/instance/external/submission/9879156705ae506438bf8f0730634879","http://hcil2.cs.umd.edu/newvarepository/VAST%20Challenge%202010/challenges/MC1%20-%20Investigations%20into%20Arms%20Dealing/entries/giCentre,%20City%20University%20London"
"http://ieeevis.tw.rpi.edu/instance/external/submission/9956e5ec68ad166db597802410fe093e","http://hcil2.cs.umd.edu/newvarepository/InfoVis%20Contest%202004/challenges/The%20History%20of%20InfoVis/entries/Technische%20Universiteit%20Eindhoven"
"http://ieeevis.tw.rpi.edu/instance/external/submission/9b4ec6450c790f25b246e08e96f2f28d","http://hcil2.cs.umd.edu/newvarepository/VAST%20Challenge%202012/challenges/MC1%20-%20Bank%20of%20Money%20Enterprise%20Cyber/entries/General%20Dynamics%20C4%20Systems"
"http://ieeevis.tw.rpi.edu/instance/external/submission/9c8ea9c6ffe8b075a0beb4928d7de80c","http://hcil2.cs.umd.edu/newvarepository/VAST%20Challenge%202009/challenges/Grand%20Challenge%202009/entries/University%20of%20Konstanz%20-%20UKN"
"http://ieeevis.tw.rpi.edu/instance/external/submission/9da239b8793edad6e0e03bcd95964284","http://hcil2.cs.umd.edu/newvarepository/VAST%20Challenge%202010/challenges/MC2%20-%20Characterization%20of%20Pandemic%20Spread/entries/University%20of%20Constance"
"http://ieeevis.tw.rpi.edu/instance/external/submission/a04057f97b8315d98ee16682ca3c8b20","http://hcil2.cs.umd.edu/newvarepository/VAST%20Challenge%202008/challenges/MC3%20-%20Cell%20Phone%20Calls/entries/Pennsylvania%20State%20University%20-%20NEVAC"
"http://ieeevis.tw.rpi.edu/instance/external/submission/a10ec35eee029aa2883b7f3e526fc293","http://hcil2.cs.umd.edu/newvarepository/VAST%20Challenge%202006/challenges/Grand%20Challenge%202006/entries/Georgia%20Institute%20of%20Technology%20Directed%20Exploration"
"http://ieeevis.tw.rpi.edu/instance/external/submission/a2ecb1a4c7bc9c66f3bc75bbff77561f","http://hcil2.cs.umd.edu/newvarepository/VAST%20Challenge%202008/challenges/MC2%20-%20Migrant%20Boats/entries/Oculus%20Info%20Inc"
"http://ieeevis.tw.rpi.edu/instance/external/submission/a399e2f3410a793309f51dfd0caa2383","http://hcil2.cs.umd.edu/newvarepository/VAST%20Challenge%202011/challenges/MC3%20-%20Investigation%20into%20Terrorist%20Activity/entries/University%20of%20Konstanz"
"http://ieeevis.tw.rpi.edu/instance/external/submission/a54720b6d0c24957aea0c9f84d65f8c9","http://hcil2.cs.umd.edu/newvarepository/VAST%20Challenge%202010/challenges/MC3%20-%20Tracing%20the%20Mutations%20of%20a%20Disease/entries/Federal%20University%20of%20Para(Brazil)"
"http://ieeevis.tw.rpi.edu/instance/external/submission/a5c58df80b95955621352ba758505a53","http://hcil2.cs.umd.edu/newvarepository/VAST%20Challenge%202009/challenges/MC3%20-%20Video%20Analysis/entries/US-Spray3D,Universit%C3%A4t%20Stuttgart"
"http://ieeevis.tw.rpi.edu/instance/external/submission/a7b677deb9c86921d44c21f8ab449737","http://hcil2.cs.umd.edu/newvarepository/VAST%20Challenge%202011/challenges/MC2%20-%20Computer%20Networking%20Operations/entries/IIIT%20Hyderabad"
"http://ieeevis.tw.rpi.edu/instance/external/submission/aaf322a0f90bfd99d8363115785e48cf","http://hcil2.cs.umd.edu/newvarepository/VAST%20Challenge%202011/challenges/MC1%20-%20Characterization%20of%20an%20Epidemic%20Spread/entries/UBA%20-%20Ramiro%20Lucero"
"http://ieeevis.tw.rpi.edu/instance/external/submission/ac2e8fb037b1047e8d044074f6114014","http://hcil2.cs.umd.edu/newvarepository/InfoVis%20Contest%202006/challenges/Analysis%20of%20U.S.%20Census%20population%20data/entries/Stanford%20University,%20University%20of%20Konstanz,%20ATnT%20Research%20Labs"
"http://ieeevis.tw.rpi.edu/instance/external/submission/ad6e504283cca37cd615c4ce6284288a","http://hcil2.cs.umd.edu/newvarepository/VAST%20Challenge%202012/challenges/MC1%20-%20Bank%20of%20Money%20Enterprise%20Cyber/entries/Bangor%20University"
"http://ieeevis.tw.rpi.edu/instance/external/submission/b230e2844b05f399853ae9354535ef85","http://hcil2.cs.umd.edu/newvarepository/VAST%20Challenge%202008/challenges/MC4%20-%20Evacuation%20Traces/entries/Pacific%20Northwest%20National%20Laboratory%20-%20CORE"
"http://ieeevis.tw.rpi.edu/instance/external/submission/b4a6f4b945ddd1263c17944e3aba80b0","http://hcil2.cs.umd.edu/newvarepository/VAST%20Challenge%202009/challenges/MC1%20-%20Badge%20and%20Network%20Traffic/entries/Peking%20University%20--%20VisualMen"
"http://ieeevis.tw.rpi.edu/instance/external/submission/b67794724efbde282d4f6e500fa82084","http://hcil2.cs.umd.edu/newvarepository/VAST%20Challenge%202012/challenges/MC1%20-%20Bank%20of%20Money%20Enterprise%20Cyber/entries/BusinessForensics"
"http://ieeevis.tw.rpi.edu/instance/external/submission/b6ecbc372b21dbb134ca6e2f51b3641b","http://hcil2.cs.umd.edu/newvarepository/VAST%20Challenge%202013/challenges/MC2%20-%20Situation%20Awareness%20Display%20Design/entries/SAS%20Institute"
"http://ieeevis.tw.rpi.edu/instance/external/submission/b7e897052907cfa25e754f7235ebc621","http://hcil2.cs.umd.edu/newvarepository/VAST%20Challenge%202009/challenges/MC1%20-%20Badge%20and%20Network%20Traffic/entries/Stanfield%20Systems%20Incorporated%20-%20VIM%20Toolkit"
"http://ieeevis.tw.rpi.edu/instance/external/submission/ba8b549db0aa0e2ed896b8fbc5f91c31","http://hcil2.cs.umd.edu/newvarepository/VAST%20Challenge%202011/challenges/MC1%20-%20Characterization%20of%20an%20Epidemic%20Spread/entries/UBA%20-%20Vanina%20Beraudo"
"http://ieeevis.tw.rpi.edu/instance/external/submission/badd05d4fa5d2d47c07287b9ae913e2d","http://hcil2.cs.umd.edu/newvarepository/VAST%20Challenge%202013/challenges/MC2%20-%20Situation%20Awareness%20Display%20Design/entries/Middlesex%20University%20OCR"
"http://ieeevis.tw.rpi.edu/instance/external/submission/bc5a785af3d06246bee26a13f9c8a863","http://hcil2.cs.umd.edu/newvarepository/VAST%20Challenge%202008/challenges/MC1%20-%20Wiki%20Editors/entries/National%20University%20of%20Singapore%20-%20VASu"
"http://ieeevis.tw.rpi.edu/instance/external/submission/c0578b81e6458dd61044154a670a81ee","http://hcil2.cs.umd.edu/newvarepository/VAST%20Challenge%202012/challenges/MC1%20-%20Bank%20of%20Money%20Enterprise%20Cyber/entries/University%20of%20Tsukuba"
"http://ieeevis.tw.rpi.edu/instance/external/submission/c42379c44e8a4b97efbb023c77c4536a","http://hcil2.cs.umd.edu/newvarepository/VAST%20Challenge%202010/challenges/Grand%20Challenge%202010/entries/Simon%20Fraser%20University"
"http://ieeevis.tw.rpi.edu/instance/external/submission/c4ee6619ac65ecb5a22be97223bc479","http://hcil2.cs.umd.edu/newvarepository/VAST%20Challenge%202011/challenges/MC1%20-%20Characterization%20of%20an%20Epidemic%20Spread/entries/Middlesex%20University%20and%20University%20of%20Leeds"
"http://ieeevis.tw.rpi.edu/instance/external/submission/c67cc81a9403ac4b443a443860175b3d","http://hcil2.cs.umd.edu/newvarepository/VAST%20Challenge%202010/challenges/MC2%20-%20Characterization%20of%20Pandemic%20Spread/entries/Rice%20University"
"http://ieeevis.tw.rpi.edu/instance/external/submission/c7c607562f412d4a6c246f86fa61cd6d","http://hcil2.cs.umd.edu/newvarepository/VAST%20Challenge%202011/challenges/MC1%20-%20Characterization%20of%20an%20Epidemic%20Spread/entries/Old%20Dominion%20University"
"http://ieeevis.tw.rpi.edu/instance/external/submission/c989b6f4a23c09f7eb49bcf106478917","http://hcil2.cs.umd.edu/newvarepository/VAST%20Challenge%202010/challenges/MC3%20-%20Tracing%20the%20Mutations%20of%20a%20Disease/entries/UNIKN%20-%20Drafa%20Tracing-MC3"
"http://ieeevis.tw.rpi.edu/instance/external/submission/cb0b66be67380d817e7bd5faf893c867","http://hcil2.cs.umd.edu/newvarepository/VAST%20Challenge%202008/challenges/MC4%20-%20Evacuation%20Traces/entries/National%20University%20of%20Singapore%20-%20VASu"
"http://ieeevis.tw.rpi.edu/instance/external/submission/cb4071a9d471046926d7257ee004e26a","http://hcil2.cs.umd.edu/newvarepository/VAST%20Challenge%202010/challenges/MC3%20-%20Tracing%20the%20Mutations%20of%20a%20Disease/entries/Cognizant%20BFS%20Innovations"
"http://ieeevis.tw.rpi.edu/instance/external/submission/ce3110046ac80871287aaecf3e7caba2","http://hcil2.cs.umd.edu/newvarepository/InfoVis%20Contest%202007/challenges/InfoVis%20Goes%20to%20the%20Movies/entries/Georgia%20Tech%20-Jigsaw"
"http://ieeevis.tw.rpi.edu/instance/external/submission/ce8287acf7694255d14a90d8c2a18b0b","http://hcil2.cs.umd.edu/newvarepository/VAST%20Challenge%202010/challenges/MC1%20-%20Investigations%20into%20Arms%20Dealing/entries/Palantir%20Technologies"
"http://ieeevis.tw.rpi.edu/instance/external/submission/d2cab7dc86965789bcd165d80ffba072","http://hcil2.cs.umd.edu/newvarepository/VAST%20Challenge%202011/challenges/Grand%20Challenge%202011/entries/UNCC"
"http://ieeevis.tw.rpi.edu/instance/external/submission/d4ae8e3bc57df1332ace6980c31ed0ab","http://hcil2.cs.umd.edu/newvarepository/VAST%20Challenge%202012/challenges/MC1%20-%20Bank%20of%20Money%20Enterprise%20Cyber/entries/UBA-Andrade"
"http://ieeevis.tw.rpi.edu/instance/external/submission/d56a0b0abfef83707ad50ed76529b593","http://hcil2.cs.umd.edu/newvarepository/VAST%20Challenge%202008/challenges/MC4%20-%20Evacuation%20Traces/entries/University%20of%20California,%20Davis"
"http://ieeevis.tw.rpi.edu/instance/external/submission/d62e571e7cb445f6cc1a5e603ee519df","http://hcil2.cs.umd.edu/newvarepository/VAST%20Challenge%202011/challenges/MC2%20-%20Computer%20Networking%20Operations/entries/SAS"
"http://ieeevis.tw.rpi.edu/instance/external/submission/d6e50ef56be25918912377b374564d60","http://hcil2.cs.umd.edu/newvarepository/VAST%20Challenge%202010/challenges/MC3%20-%20Tracing%20the%20Mutations%20of%20a%20Disease/entries/giCentre%20-%20sequenceView"
"http://ieeevis.tw.rpi.edu/instance/external/submission/d8a4a0930eccd331639a6db3d28dedcc","http://hcil2.cs.umd.edu/newvarepository/VAST%20Challenge%202008/challenges/MC3%20-%20Cell%20Phone%20Calls/entries/Texas%20Advanced%20Computing%20Center"
"http://ieeevis.tw.rpi.edu/instance/external/submission/d95a8084d86eb5106d2b7af0fea9c1ba","http://hcil2.cs.umd.edu/newvarepository/VAST%20Challenge%202011/challenges/MC1%20-%20Characterization%20of%20an%20Epidemic%20Spread/entries/UNCC"
"http://ieeevis.tw.rpi.edu/instance/external/submission/dafb2cf746e8b1a7c3faca5017f2a4df","http://hcil2.cs.umd.edu/newvarepository/VAST%20Challenge%202013/challenges/MC3%20-%20Big%20Marketing/entries/University%20of%20Buenos%20Aires"
"http://ieeevis.tw.rpi.edu/instance/external/submission/dcbda8ab1133f8776f1c3869b2b46b99","http://hcil2.cs.umd.edu/newvarepository/InfoVis%20Contest%202003/challenges/Visualization%20and%20pair%20wise%20comparison%20of%20trees/entries/Zoomology%20Comparing%20Two%20Large%20Hierarchical%20Trees"
"http://ieeevis.tw.rpi.edu/instance/external/submission/de7b580840f5308619a7509100d18368","http://hcil2.cs.umd.edu/newvarepository/VAST%20Challenge%202008/challenges/MC1%20-%20Wiki%20Editors/entries/VRVis%20Research%20Center%20-%20ComVis"
"http://ieeevis.tw.rpi.edu/instance/external/submission/dee870b280b288ee45773a76ec95448a","http://hcil2.cs.umd.edu/newvarepository/VAST%20Challenge%202010/challenges/MC3%20-%20Tracing%20the%20Mutations%20of%20a%20Disease/entries/VRVis%20-%20ComVis"
"http://ieeevis.tw.rpi.edu/instance/external/submission/df1ee7b7d62fb027fff311c45b97434","http://hcil2.cs.umd.edu/newvarepository/VAST%20Challenge%202009/challenges/MC3%20-%20Video%20Analysis/entries/LaBRI,%20INRIA%20Bordeaux%20Sud-Ouest"
"http://ieeevis.tw.rpi.edu/instance/external/submission/e055346846a467dbe2bf8cc6c5138119","http://hcil2.cs.umd.edu/newvarepository/VAST%20Challenge%202012/challenges/MC2%20-%20Bank%20of%20Money%20regional%20Network%20Op/entries/University%20of%20Konstanz"
"http://ieeevis.tw.rpi.edu/instance/external/submission/e18f82a1994964e80bf86d119458d4aa","http://hcil2.cs.umd.edu/newvarepository/VAST%20Challenge%202008/challenges/Grand%20Challenge%202008/entries/Oculus%20Info%20Inc"
"http://ieeevis.tw.rpi.edu/instance/external/submission/e3a010230c0f4947c2af6078ba1a19ed","http://hcil2.cs.umd.edu/newvarepository/VAST%20Challenge%202009/challenges/MC1%20-%20Badge%20and%20Network%20Traffic/entries/DRDC"
"http://ieeevis.tw.rpi.edu/instance/external/submission/e4c8c8f5beec44ff65797e074ff7263c","http://hcil2.cs.umd.edu/newvarepository/VAST%20Challenge%202010/challenges/Grand%20Challenge%202010/entries/Noblis%20Team"
"http://ieeevis.tw.rpi.edu/instance/external/submission/ea7b54a52c41ee09107974c0a13af268","http://hcil2.cs.umd.edu/newvarepository/VAST%20Challenge%202009/challenges/MC1%20-%20Badge%20and%20Network%20Traffic/entries/University%20of%20Maryland%20-%20Mindlab"
"http://ieeevis.tw.rpi.edu/instance/external/submission/ef2b4e6f0a718b195de21e5c58bbd891","http://hcil2.cs.umd.edu/newvarepository/VAST%20Challenge%202010/challenges/MC1%20-%20Investigations%20into%20Arms%20Dealing/entries/Virginia%20Tech"
"http://ieeevis.tw.rpi.edu/instance/external/submission/f17a6bd55c48d7bcade79de1c4bc7b75","http://hcil2.cs.umd.edu/newvarepository/VAST%20Challenge%202008/challenges/MC4%20-%20Evacuation%20Traces/entries/Space%20Dynamics%20Laboratory%20-%20EVT%20(Evacuation%20Visual"
"http://ieeevis.tw.rpi.edu/instance/external/submission/f45ce513089e72d916165fd866f382f0","http://hcil2.cs.umd.edu/newvarepository/VAST%20Challenge%202007/challenges/Grand%20Challenge%202007/entries/University%20of%20British%20Columbia%20and%20Simon%20Fraser%20Un"
"http://ieeevis.tw.rpi.edu/instance/external/submission/f7dec17fe0987559c6471e69285b6c49","http://hcil2.cs.umd.edu/newvarepository/VAST%20Challenge%202011/challenges/MC2%20-%20Computer%20Networking%20Operations/entries/University%20of%20Buenos%20Aires"
"http://ieeevis.tw.rpi.edu/instance/external/submission/f830b746395377a9dad38641f3e8449d","http://hcil2.cs.umd.edu/newvarepository/VAST%20Challenge%202010/challenges/MC3%20-%20Tracing%20the%20Mutations%20of%20a%20Disease/entries/Stottler%20Henke"
"http://ieeevis.tw.rpi.edu/instance/external/submission/f965c83bb1cb72931ba5d15692d1005a","http://hcil2.cs.umd.edu/newvarepository/VAST%20Challenge%202008/challenges/MC4%20-%20Evacuation%20Traces/entries/Carnegie%20Mellon"
"http://ieeevis.tw.rpi.edu/instance/external/submission/fb75457f188e20277a1d6652791aaa5","http://hcil2.cs.umd.edu/newvarepository/VAST%20Challenge%202012/challenges/MC1%20-%20Bank%20of%20Money%20Enterprise%20Cyber/entries/Buenos%20Aires%20University"
"http://ieeevis.tw.rpi.edu/instance/external/submission/fe2e8314b839a780fab8e19b9553cede","http://hcil2.cs.umd.edu/newvarepository/VAST%20Challenge%202012/challenges/MC1%20-%20Bank%20of%20Money%20Enterprise%20Cyber/entries/Universidad%20de%20Buenos%20Aires"
"http://ieeevis.tw.rpi.edu/instance/external/submission/fec1541dfc94607af20a704d9801814c","http://hcil2.cs.umd.edu/newvarepository/VAST%20Challenge%202011/challenges/MC3%20-%20Investigation%20into%20Terrorist%20Activity/entries/City%20University%20London"
